Div,Date,Time,HomeTeam,AwayTeam,FTHG,FTAG,FTR,HTHG,HTAG,HTR,Referee,HS,AS,HST,AST,HF,AF,HC,AC,HY,AY,HR,AR,B365H,B365D,B365A,BWH,BWD,BWA,BFH,BFD,BFA,PSH,PSD,PSA,WHH,WHD,WHA,1XBH,1XBD,1XBA,MaxH,MaxD,MaxA,AvgH,AvgD,AvgA,BFEH,BFED,BFEA,B365>2.5,B365<2.5,P>2.5,P<2.5,Max>2.5,Max<2.5,Avg>2.5,Avg<2.5,BFE>2.5,BFE<2.5,AHh,B365AHH,B365AHA,PAHH,PAHA,MaxAHH,MaxAHA,AvgAHH,AvgAHA,BFEAHH,BFEAHA,B365CH,B365CD,B365CA,BWCH,BWCD,BWCA,BFCH,BFCD,BFCA,PSCH,PSCD,PSCA,WHCH,WHCD,WHCA,1XBCH,1XBCD,1XBCA,MaxCH,MaxCD,MaxCA,AvgCH,AvgCD,AvgCA,BFECH,BFECD,BFECA,B365C>2.5,B365C<2.5,PC>2.5,PC<2.5,MaxC>2.5,MaxC<2.5,AvgC>2.5,AvgC<2.5,BFEC>2.5,BFEC<2.5,AHCh,B365CAHH,B365CAHA,PCAHH,PCAHA,MaxCAHH,MaxCAHA,AvgCAHH,AvgCAHA,BFECAHH,BFECAHA,GoalDifference,ShotsEfficiency_Home,ShotsEfficiency_Away,HomeTeamPoints,AwayTeamPoints,HomeTeamGoalDifference,AwayTeamGoalDifference
E0,16/08/2024,20:00,15,8,1,0,1,0,0,D,R Jones,-0.05749973948598325,-0.5386056485168647,-0.10061677063583058,-1.1455117162578508,12,10,7,8,2,3,0,0,1.6,4.2,5.25,1.6,4.4,5.25,1.6,4.33,5.0,1.63,4.38,5.3,1.65,4.2,5.0,1.68,4.32,5.03,1.68,4.5,5.5,1.62,4.36,5.15,1.66,4.5,5.6,1.53,2.5,1.56,2.56,1.57,2.6,1.53,2.52,1.59,2.64,-1.0,2.05,1.88,2.07,1.86,2.07,1.89,2.03,1.85,2.1,1.88,1.67,4.1,5.0,1.65,4.2,4.8,1.62,4.0,5.0,1.65,4.23,5.28,1.6,4.2,5.5,1.66,4.15,5.33,1.7,4.33,5.5,1.66,4.2,5.02,1.72,4.2,5.4,1.62,2.3,1.63,2.38,1.66,2.45,1.61,2.37,1.68,2.46,-0.75,1.86,2.07,1.83,2.11,1.88,2.11,1.82,2.05,1.9,2.08,0.4981610824055759,0.35714285714285715,0.2,-0.7780566306430879,-1.3021680771212865,0.15674966983670843,-0.1634254947437165
E0,17/08/2024,12:30,9,13,0,2,-1,0,0,D,T Robinson,-1.241317905373874,1.0873736677604624,-1.1067844769941368,0.36174054197616323,9,18,2,10,3,1,0,0,8.5,5.5,1.33,7.5,5.5,1.36,8.5,5.5,1.33,8.18,5.84,1.34,8.5,5.5,1.33,8.6,5.85,1.35,9.0,6.1,1.37,8.28,5.76,1.34,9.4,6.2,1.36,1.4,3.0,1.41,3.0,1.43,3.07,1.41,2.94,1.45,3.15,1.5,2.02,1.91,1.99,1.92,2.02,1.95,1.97,1.9,2.04,1.93,8.0,5.75,1.33,8.0,5.75,1.34,7.5,5.5,1.33,8.14,6.09,1.34,8.0,5.5,1.35,8.57,5.85,1.34,8.57,6.25,1.39,7.87,5.81,1.35,8.6,6.2,1.37,1.36,3.2,1.37,3.3,1.4,3.38,1.37,3.18,1.4,3.4,1.5,2.05,1.88,2.04,1.9,2.2,2.0,1.99,1.88,2.04,1.93,-1.4178430806927929,0.2857142857142857,0.2777777777777778,-1.2865903761614461,-0.774974523630887,-0.3716200037701739,0.3874469594485863
E0,17/08/2024,15:00,0,25,2,0,1,1,0,H,J Gillett,0.6189677838785258,-0.7418530630515305,0.2347724648169382,-0.6430942968465128,17,14,8,2,2,2,0,0,1.18,7.5,13.0,1.2,7.5,13.5,1.15,8.0,16.0,1.16,8.56,16.22,1.18,7.0,17.0,1.2,7.65,16.0,1.2,9.1,18.0,1.18,7.86,15.87,1.19,9.0,18.0,1.44,2.75,1.46,2.79,1.5,2.82,1.46,2.7,1.53,2.84,-2.0,1.93,2.0,1.88,2.0,1.97,2.0,1.9,1.96,1.94,2.0,1.14,8.5,15.0,1.16,8.5,18.0,1.13,8.5,17.0,1.15,9.05,18.76,1.15,8.0,19.0,1.16,9.39,16.6,1.17,9.4,21.0,1.15,8.62,18.11,1.17,9.4,21.0,1.4,3.0,1.41,2.98,1.45,3.0,1.42,2.93,1.44,3.2,-2.25,2.02,1.91,2.0,1.9,2.05,1.93,1.99,1.87,2.02,1.96,1.1368291367716987,0.3333333333333333,0.3333333333333333,-0.7780566306430879,-1.3021680771212865,0.33287289437233586,-0.34704964614115075
E0,17/08/2024,15:00,7,4,0,3,-1,0,1,A,S Hooper,-0.9030841436916196,-0.5386056485168647,-1.4421737124469056,0.36174054197616323,8,8,1,5,1,1,1,0,2.63,3.3,2.63,2.65,3.4,2.6,2.7,3.4,2.63,2.73,3.36,2.71,2.6,3.5,2.7,2.68,3.66,2.63,2.76,3.66,2.78,2.67,3.41,2.68,2.78,3.5,2.78,1.8,2.0,1.83,2.05,1.85,2.08,1.81,2.04,1.88,2.08,0.0,1.96,1.97,1.96,1.94,1.97,1.97,1.94,1.94,1.99,1.99,3.1,3.4,2.3,3.0,3.4,2.37,3.0,3.3,2.3,3.15,3.41,2.4,3.1,3.3,2.4,3.16,3.47,2.34,3.16,3.5,2.45,3.06,3.4,2.38,3.15,3.55,2.46,1.93,1.97,1.93,1.97,1.95,2.0,1.89,1.96,1.94,2.04,0.25,1.87,2.06,1.86,2.07,1.92,2.1,1.83,2.04,1.88,2.11,-2.0565111350589156,0.1111111111111111,0.5,-1.2865903761614461,-0.774974523630887,-0.5477432283058014,0.5710711108460206
E0,17/08/2024,15:00,18,22,1,0,1,1,0,H,C Pawson,-1.9177854287383833,1.2906210822951283,-1.4421737124469056,-0.14067687743517476,15,16,3,12,2,4,1,0,1.36,5.25,8.0,1.35,5.5,7.75,1.33,5.5,8.5,1.35,5.7,8.25,1.35,5.5,8.0,1.37,5.74,8.1,1.37,5.9,8.6,1.35,5.62,8.1,1.37,6.0,9.2,1.4,3.0,1.4,3.09,1.42,3.12,1.4,3.01,1.43,3.15,-1.5,1.98,1.95,1.94,1.96,1.99,1.98,1.93,1.93,1.94,2.01,1.4,5.0,7.0,1.39,5.25,7.25,1.36,5.0,7.5,1.42,5.3,7.26,1.4,5.0,7.5,1.39,5.34,7.9,1.44,5.75,8.0,1.39,5.27,7.33,1.43,5.5,8.2,1.44,2.75,1.46,2.85,1.46,3.05,1.43,2.84,1.49,2.98,-1.25,1.87,2.06,1.88,2.06,1.89,2.1,1.82,2.05,1.89,2.1,0.4981610824055759,0.3333333333333333,0.21052631578947367,-0.7780566306430879,-1.3021680771212865,0.15674966983670843,-0.1634254947437165
E0,17/08/2024,15:00,20,2,1,1,0,1,0,H,M Oliver,-0.05749973948598325,0.07113659508713299,0.9055509357224758,-0.14067687743517476,17,8,2,6,1,3,0,0,2.45,3.5,2.8,2.45,3.5,2.8,2.45,3.5,2.88,2.47,3.42,2.97,2.5,3.5,2.8,2.46,3.7,2.87,2.51,3.7,3.0,2.45,3.49,2.89,2.54,3.6,3.0,1.73,2.1,1.79,2.11,1.81,2.14,1.77,2.08,1.83,2.16,0.0,1.82,2.11,1.78,2.14,1.83,2.14,1.8,2.09,1.83,2.17,2.2,3.4,3.25,2.2,3.4,3.25,2.2,3.3,3.25,2.24,3.5,3.37,2.25,3.4,3.25,2.26,3.49,3.33,2.38,3.55,3.37,2.25,3.44,3.23,2.3,3.5,3.5,1.89,2.01,1.89,2.02,1.93,2.04,1.87,1.96,1.91,2.08,-0.25,1.94,1.99,1.94,1.98,2.05,2.0,1.93,1.93,1.96,2.02,-0.14050697196054704,0.5714285714285714,0.3076923076923077,-1.1170791276553267,-1.1264368926244865,-0.019373554698919018,0.02019865665371777
E0,17/08/2024,17:30,24,1,1,2,-1,1,1,D,T Harrington,-0.05749973948598325,0.47763142415646476,-0.7713952415413682,-0.6430942968465128,18,11,5,3,1,2,0,0,2.45,3.6,2.75,2.45,3.6,2.7,2.4,3.6,2.8,2.49,3.65,2.8,2.4,3.75,2.75,2.42,3.91,2.81,2.49,3.91,2.87,2.44,3.69,2.79,2.5,3.75,2.94,1.57,2.38,1.59,2.46,1.59,2.52,1.57,2.43,1.63,2.52,-0.25,2.08,1.73,2.16,1.76,2.16,1.82,2.1,1.78,2.17,1.84,2.4,3.5,2.8,2.5,3.5,2.75,2.38,3.4,2.8,2.54,3.51,2.86,2.5,3.5,2.8,2.56,3.6,2.77,2.56,3.6,2.91,2.47,3.51,2.83,2.54,3.65,2.98,1.73,2.1,1.72,2.21,1.73,2.32,1.68,2.22,1.74,2.32,0.0,1.83,2.1,1.85,2.09,1.86,2.14,1.82,2.08,1.84,2.18,-0.7791750263266699,0.21428571428571427,0.2,-1.2865903761614461,-0.774974523630887,-0.19549677923454647,0.20382280805115208
E0,18/08/2024,14:00,3,6,2,1,1,1,0,H,S Barrott,-0.9030841436916196,0.2743840096217989,-0.10061677063583058,0.8641579613875012,6,15,4,7,1,5,0,0,2.4,3.4,2.9,2.4,3.4,2.87,2.45,3.4,2.88,2.5,3.4,2.95,2.45,3.5,2.88,2.47,3.66,2.88,2.52,3.66,2.99,2.46,3.44,2.9,2.54,3.55,3.0,1.8,2.0,1.83,2.05,1.85,2.08,1.81,2.03,1.84,2.14,-0.25,2.11,1.82,2.15,1.78,2.15,1.82,2.1,1.78,2.18,1.83,2.88,3.2,2.55,2.8,3.2,2.6,2.8,3.25,2.63,2.92,3.24,2.66,3.0,3.2,2.5,2.98,3.3,2.56,3.0,3.4,2.72,2.85,3.28,2.62,2.94,3.35,2.74,2.07,1.83,2.09,1.83,2.09,1.91,2.0,1.85,2.1,1.89,0.0,2.07,1.86,2.06,1.88,2.11,1.88,2.05,1.85,2.07,1.92,0.4981610824055759,0.5555555555555556,0.42857142857142855,-0.7780566306430879,-1.3021680771212865,0.15674966983670843,-0.1634254947437165
E0,18/08/2024,16:30,5,14,0,2,-1,0,1,A,A Taylor,-0.7339672628504923,-0.3353582339821988,-0.7713952415413682,0.36174054197616323,12,9,4,3,1,1,0,0,4.1,3.9,1.8,3.9,4.1,1.82,4.1,3.9,1.8,4.19,3.93,1.84,4.0,4.0,1.83,4.02,4.22,1.85,4.3,4.22,1.88,4.05,4.0,1.83,4.3,4.1,1.87,1.5,2.63,1.52,2.62,1.53,2.69,1.5,2.59,1.56,2.68,0.5,2.07,1.86,2.06,1.85,2.08,1.86,2.03,1.83,2.12,1.87,3.6,3.9,1.95,3.6,3.75,1.98,3.6,3.8,2.0,3.86,3.91,1.97,3.5,3.9,2.0,3.89,3.96,1.92,3.89,3.96,2.05,3.64,3.83,1.98,3.75,3.9,2.06,1.57,2.38,1.58,2.51,1.61,2.52,1.56,2.45,1.62,2.6,0.5,1.94,1.99,1.96,1.97,1.96,2.0,1.9,1.96,1.93,2.07,-1.4178430806927929,0.3,0.45454545454545453,-1.2865903761614461,-0.774974523630887,-0.3716200037701739,0.3874469594485863
E0,19/08/2024,20:00,11,23,1,1,0,0,1,A,C Kavanagh,-1.241317905373874,0.47763142415646476,-0.7713952415413682,1.3665753807988392,11,12,2,13,1,1,0,0,5.0,4.33,1.62,5.0,4.33,1.63,5.0,4.33,1.57,5.09,4.39,1.63,5.0,4.33,1.65,4.98,4.52,1.66,5.3,4.52,1.67,5.01,4.37,1.63,5.4,4.6,1.65,1.53,2.5,1.53,2.61,1.55,2.63,1.52,2.54,1.56,2.7,1.0,1.86,2.07,1.86,2.05,1.86,2.09,1.83,2.03,1.91,2.06,4.5,4.2,1.7,4.33,4.2,1.72,4.33,4.1,1.7,4.64,4.33,1.71,4.6,4.2,1.7,4.79,4.27,1.7,4.9,4.4,1.74,4.57,4.23,1.71,4.7,4.4,1.76,1.57,2.38,1.54,2.61,1.57,2.62,1.54,2.52,1.58,2.7,0.75,2.03,1.9,2.02,1.91,2.06,1.92,1.99,1.87,2.03,1.96,-0.14050697196054704,0.42857142857142855,0.4666666666666667,-1.1170791276553267,-1.1264368926244865,-0.019373554698919018,0.02019865665371777
E0,24/08/2024,12:30,4,15,2,1,1,1,0,H,C Pawson,-0.05749973948598325,-0.3353582339821988,-0.10061677063583058,-0.14067687743517476,9,13,4,4,1,2,0,0,2.5,3.7,2.63,2.5,3.75,2.6,2.5,3.75,2.7,2.51,3.66,2.76,2.5,3.7,2.7,2.54,3.87,2.68,2.54,3.87,2.79,2.5,3.72,2.69,2.58,3.9,2.8,1.57,2.38,1.6,2.45,1.63,2.5,1.58,2.42,1.62,2.5,0.0,1.86,2.04,1.86,2.05,1.91,2.06,1.88,2.01,1.91,2.08,2.3,3.8,2.88,2.3,3.7,2.85,2.3,3.6,2.8,2.42,3.76,2.86,2.38,3.6,2.88,2.57,3.85,2.63,2.57,3.9,2.96,2.41,3.72,2.81,2.48,3.85,2.94,1.53,2.5,1.54,2.6,1.6,2.62,1.54,2.52,1.58,2.7,-0.25,2.07,1.86,2.12,1.83,2.2,1.86,2.09,1.79,2.15,1.85,0.4981610824055759,0.35714285714285715,0.36363636363636365,-0.26952288512472977,-0.774974523630887,0.6851193434435908,0.02019865665371777
E0,24/08/2024,15:00,6,24,0,2,-1,0,0,D,R Jones,-0.05749973948598325,1.0873736677604624,-1.1067844769941368,-0.6430942968465128,9,17,3,3,1,1,0,0,2.15,3.6,3.2,2.15,3.5,3.2,2.15,3.5,3.3,2.17,3.68,3.33,2.2,3.5,3.3,2.19,3.76,3.31,2.21,3.76,3.36,2.17,3.63,3.25,2.24,3.7,3.45,1.73,2.1,1.76,2.15,1.81,2.19,1.76,2.1,1.82,2.18,-0.25,1.91,1.99,1.88,2.02,1.94,2.02,1.88,1.98,1.94,2.05,1.95,3.9,3.7,1.93,3.7,3.75,1.91,3.8,3.9,1.97,3.84,3.84,1.95,3.7,3.8,1.94,3.96,3.81,2.15,3.96,3.93,1.98,3.78,3.72,2.0,3.95,4.0,1.62,2.3,1.67,2.32,1.76,2.35,1.67,2.25,1.71,2.38,-0.5,1.98,1.95,1.98,1.94,2.13,1.98,1.99,1.88,2.0,1.99,-1.4178430806927929,0.14285714285714285,0.16666666666666666,-1.2865903761614461,-0.774974523630887,-0.5477432283058014,0.20382280805115208
E0,24/08/2024,15:00,8,11,2,1,1,1,1,D,D Bond,0.6189677838785258,-0.5386056485168647,0.2347724648169382,-0.14067687743517476,14,13,7,5,2,2,0,0,1.8,3.75,4.2,1.8,3.75,4.33,1.83,3.7,4.5,1.84,3.67,4.56,1.83,3.7,4.33,1.86,3.89,4.32,1.9,3.89,4.7,1.83,3.73,4.38,1.89,3.85,4.6,1.89,2.01,1.9,1.99,1.91,2.06,1.87,1.97,1.96,2.0,-0.75,2.03,1.78,2.1,1.81,2.12,1.84,2.06,1.8,2.14,1.85,1.85,3.75,4.1,1.9,3.6,4.0,1.9,3.6,4.2,1.88,3.81,4.26,1.91,3.6,4.2,1.89,3.82,4.18,1.91,3.9,4.7,1.88,3.71,4.21,1.93,3.8,4.5,1.86,2.04,1.87,2.04,1.95,2.1,1.87,1.98,1.92,2.08,-0.5,1.88,2.05,1.88,2.04,1.91,2.06,1.87,2.0,1.93,2.06,0.4981610824055759,0.3333333333333333,0.4,-0.7780566306430879,-1.1264368926244865,-0.019373554698919018,-0.1634254947437165
E0,24/08/2024,15:00,14,9,4,1,1,3,1,H,M Salisbury,-0.05749973948598325,-2.3678323793288576,-0.10061677063583058,-1.6479291356691887,4,15,10,1,2,3,0,0,1.08,12.0,21.0,1.1,12.5,23.0,1.08,13.0,31.0,1.08,13.21,25.71,1.1,11.0,26.0,1.1,12.2,27.0,1.1,14.0,34.0,1.09,12.17,26.97,1.1,15.0,34.0,1.3,3.5,1.29,3.36,1.3,3.8,1.29,3.54,1.678247422680412,2.5309278350515463,-2.75,2.04,1.86,2.05,1.85,2.07,1.91,2.01,1.85,2.07,1.87,1.1,10.0,23.0,1.11,11.5,21.0,1.1,11.0,26.0,1.1,11.0,31.0,1.1,10.0,29.0,1.09,11.0,26.0,1.12,15.0,32.0,1.09,11.44,27.5,1.12,12.5,32.0,1.3,3.5,1.29,3.36,1.32,3.75,1.29,3.62,1.33,4.0,-2.5,1.9,2.03,1.82,2.07,1.93,2.13,1.84,2.04,1.89,2.09,1.7754971911378215,0.35714285714285715,1.0,-0.26952288512472977,-1.3021680771212865,0.8612425679792182,-0.8979221003334535
E0,24/08/2024,15:00,22,20,0,1,-1,0,0,D,S Barrott,-1.5795516670561287,2.103610740433792,-1.4421737124469056,1.8689928002101772,14,14,4,10,3,3,0,0,2.55,3.3,2.8,2.5,3.4,2.8,2.55,3.4,2.8,2.59,3.28,2.92,2.5,3.4,2.88,2.59,3.42,2.88,2.66,3.42,2.92,2.57,3.32,2.84,2.62,3.5,2.96,2.01,1.89,2.01,1.88,2.02,1.93,1.97,1.87,2.06,1.89,0.0,1.83,2.07,1.84,2.08,1.85,2.09,1.83,2.05,1.9,2.07,2.3,3.5,3.0,2.3,3.5,3.1,2.3,3.4,3.1,2.33,3.54,3.11,2.3,3.4,3.2,2.42,3.58,2.97,2.58,3.59,3.2,2.36,3.48,3.04,2.42,3.6,3.2,1.8,2.0,1.85,2.07,1.97,2.18,1.83,2.03,1.85,2.16,-0.25,2.03,1.9,2.03,1.88,2.19,1.91,2.03,1.84,2.08,1.91,-0.7791750263266699,0.2,0.34782608695652173,-1.2865903761614461,-0.5992433391340872,-0.3716200037701739,0.20382280805115208
E0,24/08/2024,15:00,23,7,4,0,1,2,0,H,A Taylor,-0.22661662032711052,-0.5386056485168647,0.570161700269707,-1.6479291356691887,11,15,12,5,0,0,0,0,1.44,4.75,6.5,1.43,5.0,6.75,1.4,5.0,7.0,1.45,4.87,7.03,1.44,4.8,7.0,1.47,5.08,6.81,1.49,5.1,7.3,1.44,4.95,6.75,1.45,5.3,7.8,1.5,2.63,1.54,2.59,1.54,2.63,1.51,2.55,1.56,2.72,-1.25,1.95,1.95,1.98,1.93,1.98,1.98,1.94,1.91,1.95,1.99,1.36,5.25,7.5,1.37,5.25,7.75,1.33,5.5,8.0,1.37,5.66,8.0,1.35,5.5,8.5,1.39,5.38,7.97,1.41,5.73,8.5,1.37,5.39,7.91,1.37,6.0,9.2,1.4,3.0,1.43,2.95,1.5,3.12,1.42,2.89,1.48,3.05,-1.5,1.99,1.94,2.01,1.92,2.11,1.97,2.0,1.88,2.0,1.96,2.4141652455039444,0.5384615384615384,0.1,-0.6085453821369685,-1.3021680771212865,0.6851193434435908,-1.2651704031283222
E0,24/08/2024,17:30,1,0,0,2,-1,0,0,D,M Oliver,-0.5648503820093651,-0.7418530630515305,-0.7713952415413682,-0.14067687743517476,8,15,4,1,1,3,0,0,4.33,3.8,1.75,4.2,3.9,1.8,4.5,3.9,1.75,4.55,3.98,1.77,4.33,3.9,1.8,4.32,4.0,1.84,4.7,4.1,1.84,4.41,3.92,1.78,4.7,4.1,1.8,1.73,2.1,1.75,2.15,1.78,2.23,1.73,2.13,1.678247422680412,2.5309278350515463,0.75,1.9,2.0,1.9,2.0,1.91,2.02,1.86,1.98,1.95,2.02,4.5,4.0,1.73,4.5,3.9,1.75,4.75,3.9,1.73,4.85,4.04,1.74,4.8,4.0,1.7,4.8,4.08,1.73,4.85,4.16,1.78,4.66,4.02,1.74,5.0,4.1,1.78,1.73,2.1,1.76,2.15,1.76,2.27,1.72,2.18,1.87,2.12,0.75,1.96,1.97,1.98,1.94,2.0,1.99,1.94,1.92,1.97,2.0,-1.4178430806927929,0.2727272727272727,0.4444444444444444,-0.7780566306430879,-0.24778097014048772,-0.19549677923454647,0.754695262243455
E0,25/08/2024,14:00,2,18,1,1,0,1,0,H,D Coote,0.2807340221962713,0.2743840096217989,-0.43600600608859935,0.36174054197616323,19,8,8,9,2,2,0,0,2.9,3.8,2.2,3.0,3.9,2.2,3.0,3.8,2.2,3.05,3.73,2.28,3.0,3.8,2.25,3.05,3.95,2.25,3.06,3.95,2.32,2.99,3.8,2.25,3.15,3.95,2.3,1.57,2.38,1.61,2.43,1.61,2.5,1.56,2.44,1.62,2.56,0.25,1.92,1.98,1.91,2.0,1.95,2.0,1.9,1.94,1.96,2.01,2.55,3.6,2.6,2.5,3.7,2.65,2.5,3.6,2.7,2.63,3.66,2.68,2.6,3.6,2.62,2.68,3.7,2.58,2.68,3.75,2.74,2.57,3.65,2.64,2.66,3.75,2.78,1.57,2.38,1.58,2.49,1.66,2.55,1.57,2.44,1.62,2.58,0.0,1.93,2.0,1.94,1.98,1.94,2.04,1.92,1.97,1.96,2.03,-0.14050697196054704,0.25,0.35714285714285715,-0.9475678791492073,-0.5992433391340872,-0.019373554698919018,0.20382280805115208
E0,25/08/2024,14:00,25,5,2,6,-1,2,2,D,D England,-0.3957335011682378,0.2743840096217989,-0.43600600608859935,1.8689928002101772,13,13,5,5,2,3,0,0,4.33,4.0,1.75,4.4,4.0,1.75,4.5,4.0,1.75,4.46,4.03,1.78,4.4,4.0,1.75,4.27,4.17,1.81,4.6,4.17,1.82,4.37,4.0,1.77,4.7,4.2,1.81,1.62,2.3,1.65,2.33,1.68,2.34,1.64,2.29,1.69,2.38,0.75,1.89,2.01,1.9,2.01,1.91,2.02,1.87,1.98,1.94,2.02,3.75,3.8,1.9,3.75,3.8,1.9,3.9,3.9,1.91,3.91,3.94,1.93,3.9,3.8,1.91,4.02,3.89,1.9,4.1,3.99,1.93,3.89,3.89,1.91,4.0,4.0,1.96,1.57,2.38,1.62,2.41,1.69,2.47,1.61,2.36,1.64,2.54,0.5,1.99,1.94,1.99,1.93,2.02,1.94,1.97,1.9,2.03,1.96,-2.6951791894250383,0.3333333333333333,0.5714285714285714,-1.2865903761614461,-0.774974523630887,-1.0761129019126838,0.3874469594485863
E0,25/08/2024,16:30,13,3,2,0,1,1,0,H,S Attwell,0.7880846647196531,-0.9451004775861965,0.9055509357224758,-1.1455117162578508,10,7,9,4,2,3,0,0,1.27,5.75,11.0,1.25,6.75,10.5,1.22,7.0,11.0,1.25,7.05,10.11,1.25,6.5,11.0,1.28,6.6,10.6,1.28,7.5,11.5,1.25,6.78,10.37,1.26,7.6,12.5,1.36,3.2,1.36,3.23,1.4,3.4,1.35,3.2,1.678247422680412,2.5309278350515463,-1.75,1.89,2.01,1.89,1.99,1.89,2.05,1.85,2.0,1.88,2.01,1.2,7.0,13.0,1.24,7.0,11.0,1.18,7.0,12.0,1.22,7.75,12.5,1.22,6.5,13.0,1.22,7.28,13.5,1.25,7.75,13.5,1.22,7.19,11.82,1.23,8.0,14.5,1.3,3.5,1.33,3.46,1.34,3.55,1.32,3.42,1.35,3.75,-2.0,2.06,1.87,2.07,1.85,2.07,1.91,2.03,1.85,2.08,1.92,1.1368291367716987,0.42105263157894735,0.25,-0.26952288512472977,-0.774974523630887,0.6851193434435908,-0.1634254947437165
E0,31/08/2024,12:30,0,4,1,1,0,1,0,H,C Kavanagh,-0.5648503820093651,1.900363325899126,0.570161700269707,-0.14067687743517476,12,7,3,7,3,2,1,0,1.33,5.5,8.5,1.36,5.5,8.0,1.33,5.5,8.5,1.34,5.87,8.1,1.33,5.5,8.5,1.37,5.84,7.9,1.37,6.0,9.0,1.35,5.66,8.11,1.36,6.0,9.4,1.53,2.5,1.54,2.59,1.57,2.59,1.53,2.52,1.58,2.66,-1.5,2.01,1.89,2.02,1.89,2.05,1.92,2.0,1.86,2.03,1.92,1.36,5.25,7.5,1.37,5.5,7.5,1.33,5.0,8.5,1.37,5.48,8.43,1.36,5.0,8.5,1.39,5.38,7.97,1.4,5.6,8.6,1.37,5.37,8.0,1.4,5.7,8.8,1.53,2.5,1.56,2.56,1.58,2.63,1.54,2.52,1.58,2.72,-1.5,2.08,1.85,2.09,1.85,2.12,1.86,2.05,1.83,2.14,1.86,-0.14050697196054704,0.6363636363636364,0.18181818181818182,-0.1000116366186104,-0.07204978564368794,0.6851193434435908,0.754695262243455
E0,31/08/2024,15:00,3,22,3,1,1,1,0,H,J Smith,0.9572015455607804,1.0873736677604624,0.570161700269707,0.8641579613875012,10,7,2,8,2,1,0,0,1.75,3.9,4.33,1.75,3.9,4.4,1.75,3.9,4.6,1.79,3.9,4.51,1.75,3.9,4.6,1.79,4.12,4.47,1.82,4.12,4.7,1.77,3.97,4.46,1.82,4.1,4.8,1.73,2.1,1.74,2.18,1.76,2.21,1.73,2.15,1.79,2.24,-0.75,2.01,1.89,2.0,1.9,2.04,1.92,1.97,1.89,2.03,1.93,1.8,3.9,4.33,1.8,3.8,4.33,1.8,3.8,4.5,1.82,3.91,4.46,1.8,3.75,4.5,1.79,3.94,4.59,1.83,3.95,4.59,1.8,3.86,4.42,1.86,4.0,4.6,1.8,2.0,1.82,2.07,1.85,2.12,1.8,2.05,1.84,2.16,-0.75,2.08,1.85,2.09,1.84,2.09,1.9,2.02,1.85,2.11,1.87,1.1368291367716987,0.35,0.3333333333333333,-0.26952288512472977,-1.3021680771212865,0.15674966983670843,-0.7142979489360194
E0,31/08/2024,15:00,7,2,2,3,-1,0,0,D,S Attwell,0.6189677838785258,0.8841262532257965,0.9055509357224758,1.3665753807988392,6,1,8,4,2,1,0,0,2.75,3.4,2.55,2.65,3.4,2.6,2.75,3.4,2.6,2.82,3.38,2.62,2.75,3.4,2.6,2.83,3.48,2.6,2.85,3.5,2.64,2.78,3.4,2.59,2.86,3.55,2.68,1.92,1.98,1.93,1.96,1.93,2.0,1.87,1.95,1.96,2.0,0.0,2.01,1.89,2.03,1.88,2.03,1.9,2.0,1.87,2.05,1.93,3.0,3.4,2.35,2.85,3.4,2.45,2.88,3.4,2.45,3.14,3.45,2.39,2.9,3.4,2.45,2.96,3.48,2.47,3.14,3.55,2.52,2.96,3.45,2.43,3.1,3.55,2.48,1.87,2.03,1.88,2.03,1.9,2.06,1.84,2.0,1.9,2.08,0.25,1.85,2.08,1.87,2.06,1.87,2.14,1.81,2.06,1.86,2.14,-0.7791750263266699,0.4444444444444444,0.4117647058823529,-1.2865903761614461,-0.4235121546372875,-1.4283593509839385,0.20382280805115208
E0,31/08/2024,15:00,9,8,1,1,0,1,1,D,L Smith,-0.5648503820093651,-0.7418530630515305,-0.43600600608859935,-0.14067687743517476,15,15,8,6,2,3,0,0,3.0,3.5,2.3,3.1,3.5,2.25,3.1,3.4,2.3,3.14,3.53,2.32,3.1,3.5,2.3,3.13,3.66,2.31,3.2,3.66,2.38,3.1,3.5,2.31,3.2,3.6,2.42,1.84,2.06,1.83,2.06,1.88,2.07,1.82,2.03,1.83,2.12,0.25,1.87,2.03,1.89,2.01,1.91,2.08,1.86,1.98,1.91,2.08,3.0,3.4,2.38,2.95,3.4,2.4,3.0,3.4,2.38,3.07,3.43,2.43,3.0,3.4,2.38,3.2,3.46,2.33,3.2,3.5,2.45,3.03,3.41,2.4,3.15,3.55,2.46,1.95,1.95,1.93,1.97,1.96,2.0,1.9,1.94,2.0,1.98,0.25,1.82,2.11,1.83,2.11,1.86,2.11,1.81,2.06,1.88,2.11,-0.14050697196054704,0.36363636363636365,0.4444444444444444,-1.1170791276553267,-0.5992433391340872,-0.8999896773770563,0.02019865665371777
E0,31/08/2024,15:00,11,1,1,2,-1,0,1,A,D Coote,-0.9030841436916196,-0.5386056485168647,-0.7713952415413682,0.36174054197616323,13,21,1,4,4,5,0,0,4.5,4.0,1.7,4.4,3.9,1.77,4.6,3.9,1.75,4.8,4.09,1.71,4.6,3.9,1.75,4.53,4.17,1.77,4.9,4.2,1.78,4.62,4.02,1.74,4.9,4.1,1.8,1.67,2.2,1.68,2.27,1.76,2.3,1.69,2.21,1.73,2.28,0.75,1.95,1.95,1.98,1.93,1.98,1.99,1.93,1.91,1.98,1.98,4.0,3.7,1.85,3.8,3.7,1.95,3.9,3.75,1.95,4.01,3.87,1.92,4.0,3.7,1.91,4.2,3.7,1.91,4.2,3.88,1.95,4.0,3.76,1.91,4.1,3.95,1.96,1.73,2.1,1.8,2.1,1.82,2.14,1.78,2.08,1.84,2.18,0.5,1.99,1.94,2.0,1.93,2.0,1.95,1.97,1.9,2.02,1.97,-0.7791750263266699,0.3333333333333333,0.5,-1.1170791276553267,-0.24778097014048772,-0.3716200037701739,0.02019865665371777
E0,31/08/2024,15:00,20,25,1,1,0,1,1,D,S Hooper,0.2807340221962713,-0.3353582339821988,-0.10061677063583058,-0.6430942968465128,15,18,7,3,3,4,0,0,2.0,3.7,3.7,2.1,3.6,3.5,2.0,3.6,3.75,2.02,3.7,3.71,2.05,3.6,3.6,2.04,3.76,3.7,2.1,3.76,3.79,2.03,3.66,3.65,2.08,3.8,3.85,1.85,2.05,1.85,2.04,1.86,2.09,1.83,2.02,1.88,2.08,-0.5,2.03,1.87,2.03,1.88,2.08,1.88,2.02,1.85,2.08,1.91,1.95,3.6,3.7,2.0,3.6,3.7,2.0,3.5,3.75,2.0,3.7,3.88,2.0,3.5,3.8,2.05,3.7,3.68,2.05,3.7,3.88,2.0,3.61,3.73,2.04,3.75,4.0,1.91,1.99,1.9,2.01,1.91,2.01,1.86,1.97,1.94,2.04,-0.5,2.01,1.92,2.01,1.92,2.01,1.94,1.98,1.87,2.06,1.93,-0.14050697196054704,0.3125,0.2727272727272727,-0.43903413363084914,-1.1264368926244865,0.15674966983670843,-1.0815462517308878
E0,31/08/2024,17:30,24,14,1,3,-1,1,2,A,M Oliver,-0.7339672628504923,2.103610740433792,-1.1067844769941368,1.8689928002101772,10,3,3,11,3,2,0,0,7.0,5.5,1.38,7.25,5.25,1.39,7.5,5.5,1.36,7.69,5.64,1.37,8.0,5.0,1.4,7.7,5.44,1.4,8.0,5.8,1.41,7.57,5.49,1.38,8.2,5.9,1.4,1.44,2.75,1.49,2.72,1.5,2.8,1.46,2.73,1.51,2.88,1.5,1.86,2.04,1.87,2.04,1.89,2.05,1.85,2.02,1.89,2.05,7.5,5.0,1.4,6.75,5.0,1.42,7.5,5.0,1.36,7.7,5.25,1.41,7.5,5.0,1.4,8.11,5.08,1.41,8.11,5.4,1.46,7.32,5.14,1.4,8.0,5.4,1.43,1.53,2.5,1.56,2.57,1.58,2.73,1.51,2.58,1.6,2.64,1.25,1.98,1.95,1.99,1.93,2.05,1.95,1.99,1.87,2.03,1.94,-1.4178430806927929,0.2,0.34782608695652173,-0.7780566306430879,0.27941258334991165,-0.19549677923454647,1.3055677164357578
E0,01/09/2024,13:30,5,6,1,1,0,1,0,H,J Gillett,-0.22661662032711052,-0.7418530630515305,0.570161700269707,-0.6430942968465128,9,13,4,5,4,2,0,0,1.6,4.33,5.0,1.6,4.4,5.0,1.6,4.4,5.0,1.63,4.4,5.06,1.65,4.33,5.0,1.66,4.52,4.98,1.68,4.55,5.2,1.63,4.4,5.01,1.65,4.6,5.4,1.5,2.63,1.53,2.61,1.55,2.63,1.52,2.56,1.56,2.7,-1.0,2.04,1.86,2.08,1.84,2.08,1.92,2.03,1.84,2.03,1.9,1.65,4.33,4.75,1.65,4.2,4.8,1.62,4.0,5.0,1.68,4.24,5.05,1.65,4.2,5.0,1.65,4.4,5.08,1.69,4.51,5.1,1.65,4.3,4.97,1.69,4.3,5.4,1.53,2.5,1.56,2.55,1.57,2.62,1.54,2.53,1.59,2.66,-0.75,1.83,2.1,1.85,2.08,1.85,2.14,1.8,2.08,1.87,2.13,-0.14050697196054704,0.5384615384615384,0.3333333333333333,-0.6085453821369685,-1.1264368926244865,0.33287289437233586,-0.5306737975385851
E0,01/09/2024,13:30,18,23,2,1,1,1,0,H,R Jones,-0.9030841436916196,1.4938684968297942,-0.7713952415413682,0.8641579613875012,16,13,7,12,4,4,0,0,2.5,4.0,2.5,2.45,4.0,2.55,2.5,3.9,2.55,2.5,3.96,2.62,2.5,4.0,2.5,2.54,4.12,2.56,2.56,4.12,2.63,2.51,3.97,2.56,2.62,4.0,2.66,1.36,3.2,1.41,3.04,1.41,3.22,1.38,3.07,1.42,3.25,0.0,1.95,1.95,1.91,2.0,1.97,2.0,1.93,1.94,1.97,2.0,2.45,3.9,2.55,2.4,3.8,2.7,2.45,3.75,2.6,2.53,3.89,2.66,2.45,3.9,2.6,2.6,4.0,2.53,2.6,4.0,2.79,2.46,3.89,2.64,2.58,4.0,2.72,1.4,3.0,1.42,3.0,1.42,3.14,1.4,3.01,1.43,3.25,0.0,1.89,2.04,1.92,2.01,1.92,2.07,1.88,2.0,1.93,2.05,0.4981610824055759,0.3333333333333333,0.3,-0.1000116366186104,-0.5992433391340872,0.33287289437233586,0.5710711108460206
E0,01/09/2024,16:00,15,13,0,3,-1,0,2,A,A Taylor,-1.072201024532747,-0.3353582339821988,-0.7713952415413682,-0.6430942968465128,7,7,5,2,4,1,0,0,3.7,4.2,1.85,3.7,4.1,1.87,3.9,4.1,1.85,3.93,4.31,1.82,3.8,4.2,1.85,3.98,4.17,1.87,4.0,4.4,1.9,3.82,4.2,1.85,4.0,4.3,1.9,1.44,2.75,1.44,2.89,1.45,3.02,1.43,2.84,1.49,3.0,0.5,2.04,1.86,2.08,1.82,2.1,1.9,2.02,1.84,2.08,1.9,3.5,4.1,1.91,3.5,3.9,1.95,3.5,3.9,1.91,3.51,4.11,2.0,3.6,3.9,1.95,3.76,4.19,1.9,3.76,4.19,2.0,3.56,4.04,1.95,3.7,4.2,2.0,1.44,2.75,1.46,2.86,1.52,2.87,1.45,2.75,1.5,2.98,0.5,1.94,1.99,1.92,2.01,1.94,2.01,1.91,1.94,1.97,2.02,-2.0565111350589156,0.375,0.2727272727272727,-0.7780566306430879,0.27941258334991165,-0.5477432283058014,1.3055677164357578
E0,14/09/2024,12:30,22,15,0,3,-1,0,2,A,S Attwell,-1.4104347862150015,1.4938684968297942,-0.43600600608859935,2.873827639032853,11,14,0,7,1,4,1,0,4.5,4.0,1.7,4.5,4.0,1.73,4.6,3.9,1.75,4.5,4.13,1.74,4.75,3.8,1.75,4.83,3.85,1.79,4.83,4.2,1.79,4.56,4.04,1.74,4.9,4.2,1.78,1.62,2.3,1.6,2.41,1.67,2.45,1.61,2.36,1.65,2.5,0.75,1.95,1.95,1.94,1.94,2.02,1.96,1.93,1.92,1.99,1.97,4.0,4.1,1.8,4.0,4.0,1.82,4.5,4.0,1.75,4.2,4.12,1.82,4.0,4.0,1.83,4.33,4.17,1.78,4.5,4.17,1.88,4.19,4.05,1.8,4.2,4.2,1.88,1.53,2.5,1.56,2.55,1.6,2.56,1.57,2.46,1.61,2.62,0.75,1.87,2.06,1.88,2.06,1.91,2.09,1.86,2.01,1.89,2.11,-2.0565111350589156,0.6666666666666666,0.5,-1.2865903761614461,-0.24778097014048772,-1.2522361264483113,0.02019865665371777
E0,14/09/2024,15:00,4,9,0,0,0,0,0,D,S Barrott,1.1263184264019077,-1.3515953066555282,0.2347724648169382,-1.6479291356691887,14,16,9,2,4,3,0,0,1.38,5.0,7.5,1.38,5.25,7.75,1.36,5.0,8.5,1.38,5.13,8.05,1.4,5.0,8.0,1.41,5.24,7.8,1.41,5.4,8.5,1.38,5.16,7.89,1.4,5.6,9.0,1.53,2.5,1.56,2.49,1.59,2.52,1.56,2.46,1.59,2.66,-1.5,2.03,1.78,2.09,1.79,2.12,1.83,2.07,1.8,2.13,1.83,1.45,4.75,6.5,1.5,4.6,6.0,1.44,4.5,6.5,1.53,4.61,6.22,1.44,4.75,7.0,1.47,4.86,6.92,1.54,4.9,7.0,1.48,4.7,6.48,1.51,4.9,7.0,1.62,2.3,1.68,2.3,1.68,2.41,1.62,2.34,1.66,2.48,-1.0,1.87,2.06,1.89,2.04,1.89,2.16,1.8,2.1,1.83,2.19,-0.14050697196054704,0.2857142857142857,0.16666666666666666,0.06949961188750897,-0.9507057081276868,0.6851193434435908,-0.8979221003334535
E0,14/09/2024,15:00,6,11,2,2,0,0,1,A,T Harrington,0.9572015455607804,-0.7418530630515305,-0.43600600608859935,-0.14067687743517476,11,15,5,2,0,3,0,0,1.62,4.0,5.5,1.62,4.1,5.25,1.62,4.0,5.5,1.62,4.13,5.48,1.65,4.0,5.5,1.66,4.27,5.33,1.66,4.3,5.6,1.63,4.14,5.38,1.67,4.3,5.9,1.73,2.1,1.76,2.11,1.8,2.17,1.76,2.1,1.79,2.2,-1.0,2.08,1.82,2.09,1.81,2.14,1.84,2.07,1.8,2.13,1.85,1.65,3.9,5.25,1.66,4.0,5.25,1.57,4.0,5.5,1.67,4.02,5.43,1.65,4.0,5.5,1.69,3.98,5.36,1.7,4.1,5.5,1.67,3.98,5.27,1.72,4.0,5.6,1.88,2.02,1.88,2.03,1.92,2.05,1.85,2.0,1.93,2.06,-0.75,1.88,2.05,1.87,2.07,1.92,2.07,1.85,2.02,1.92,2.06,-0.14050697196054704,0.2,0.4444444444444444,-0.9475678791492073,-0.9507057081276868,-0.5477432283058014,-0.34704964614115075
E0,14/09/2024,15:00,8,24,1,1,0,1,0,H,T Robinson,1.1263184264019077,-0.3353582339821988,-0.10061677063583058,-0.6430942968465128,15,18,3,2,2,3,0,0,2.38,3.25,3.0,2.4,3.6,2.8,2.45,3.4,2.88,2.4,3.53,2.97,2.5,3.4,2.88,2.49,3.4,3.03,2.5,3.6,3.03,2.42,3.48,2.92,2.5,3.6,3.0,1.73,2.1,1.72,2.18,1.75,2.22,1.72,2.16,1.77,2.24,-0.25,2.08,1.82,2.08,1.81,2.14,1.83,2.07,1.79,2.17,1.83,2.25,3.3,3.2,2.35,3.4,3.0,2.25,3.3,3.1,2.36,3.41,3.21,2.3,3.4,3.2,2.31,3.39,3.29,2.39,3.45,3.29,2.33,3.39,3.15,2.4,3.45,3.35,1.86,2.04,1.86,2.05,1.9,2.1,1.82,2.03,1.91,2.08,-0.25,2.04,1.89,2.04,1.89,2.06,1.9,2.0,1.86,2.06,1.92,-0.14050697196054704,0.23809523809523808,0.2727272727272727,-0.43903413363084914,-0.5992433391340872,-0.019373554698919018,-0.1634254947437165
E0,14/09/2024,15:00,13,20,0,1,-1,0,0,D,M Oliver,-0.05749973948598325,-1.554842721190194,-0.10061677063583058,-0.6430942968465128,15,6,7,2,4,4,0,0,1.22,6.5,12.0,1.22,7.0,12.0,1.2,7.0,13.0,1.21,7.23,12.71,1.22,6.5,13.0,1.25,6.86,12.4,1.25,7.7,13.0,1.22,7.03,12.4,1.24,7.8,14.5,1.44,2.75,1.41,2.95,1.46,3.1,1.41,2.91,1.47,3.1,-2.0,2.07,1.83,2.05,1.83,2.09,1.87,2.03,1.84,2.06,1.9,1.25,6.25,11.0,1.26,6.5,10.5,1.2,6.5,12.0,1.22,7.11,12.95,1.22,6.5,13.0,1.27,6.37,11.7,1.27,7.3,13.0,1.23,6.75,11.99,1.24,7.6,15.5,1.4,3.0,1.4,3.06,1.44,3.06,1.41,2.98,1.43,3.25,-1.75,1.86,2.07,1.85,2.07,1.87,2.11,1.84,2.04,1.87,2.11,-0.7791750263266699,0.35714285714285715,0.6,0.23901086039362834,0.10368139885311185,1.0373657925148456,0.3874469594485863
E0,14/09/2024,15:00,14,3,2,1,1,2,1,H,D Bond,0.6189677838785258,-0.9451004775861965,0.570161700269707,0.36174054197616323,9,3,12,3,3,1,0,0,1.18,8.0,12.0,1.19,7.75,14.0,1.15,9.0,15.0,1.17,8.43,14.62,1.18,7.5,15.0,1.19,8.1,15.0,1.21,9.2,17.0,1.17,8.2,14.79,1.19,9.6,17.5,1.36,3.2,1.36,3.17,1.4,3.45,1.35,3.22,1.39,3.4,-2.0,1.92,1.98,1.91,1.96,1.93,2.11,1.85,2.02,1.87,2.08,1.17,8.0,15.0,1.21,7.5,12.0,1.15,8.0,15.0,1.21,7.2,13.92,1.2,7.0,15.0,1.18,8.24,16.1,1.22,8.3,16.1,1.19,7.64,13.85,1.23,7.6,17.5,1.44,2.75,1.45,2.85,1.45,3.14,1.41,2.96,1.44,3.2,-2.0,2.08,1.85,2.09,1.81,2.09,1.94,2.0,1.87,2.04,1.94,0.4981610824055759,0.3888888888888889,0.625,0.7475446059119865,-0.24778097014048772,1.3896122415861005,0.02019865665371777
E0,14/09/2024,17:30,1,7,3,2,1,1,2,A,C Pawson,0.44985090303739855,-1.3515953066555282,0.9055509357224758,-1.1455117162578508,10,12,6,2,1,4,0,0,1.5,4.2,6.5,1.5,4.5,6.25,1.47,4.5,6.5,1.51,4.45,6.48,1.5,4.4,6.5,1.54,4.63,6.3,1.55,4.65,6.7,1.51,4.48,6.34,1.54,4.7,7.0,1.67,2.2,1.69,2.23,1.72,2.28,1.67,2.23,1.73,2.32,-1.0,1.85,2.05,1.87,2.02,1.88,2.1,1.84,2.03,1.88,2.08,1.67,3.75,5.25,1.68,3.9,5.0,1.57,4.2,5.5,1.68,4.0,5.44,1.67,4.0,5.0,1.69,3.84,5.64,1.72,4.2,5.64,1.68,3.94,5.24,1.72,4.1,5.5,1.8,2.0,1.82,2.08,1.84,2.21,1.78,2.07,1.84,2.18,-0.75,1.88,2.05,1.87,2.06,1.91,2.08,1.85,2.02,1.91,2.07,0.4981610824055759,0.47058823529411764,0.3333333333333333,0.23901086039362834,-1.3021680771212865,0.15674966983670843,-1.632418705923191
E0,14/09/2024,20:00,2,5,0,1,-1,0,0,D,A Taylor,0.7880846647196531,-0.5386056485168647,0.570161700269707,-0.6430942968465128,16,9,6,3,6,8,0,0,3.4,3.8,2.0,3.3,3.9,2.05,3.4,3.9,2.0,3.32,3.97,2.06,3.4,3.9,2.05,3.4,4.12,2.05,3.45,4.12,2.09,3.33,3.96,2.05,3.55,4.1,2.08,1.44,2.75,1.46,2.81,1.48,2.86,1.45,2.76,1.49,2.94,0.5,1.85,2.05,1.83,2.07,1.87,2.08,1.83,2.03,1.9,2.08,3.1,3.6,2.2,2.95,3.75,2.25,3.2,3.8,2.0,3.17,3.79,2.23,3.0,3.9,2.2,3.27,3.69,2.21,3.36,4.0,2.28,3.11,3.8,2.19,3.15,3.95,2.28,1.5,2.63,1.5,2.7,1.52,2.98,1.47,2.73,1.51,2.92,0.25,1.95,1.98,1.97,1.95,2.07,1.99,1.95,1.92,1.99,1.99,-0.7791750263266699,0.3684210526315789,0.3,-0.43903413363084914,-0.07204978564368794,-0.019373554698919018,0.5710711108460206
E0,15/09/2024,14:00,23,0,0,1,-1,0,0,D,J Gillett,0.11161714135514403,-1.1483478921208623,-0.10061677063583058,-0.14067687743517476,13,10,7,6,5,3,0,0,3.0,3.5,2.3,2.95,3.7,2.25,2.9,3.6,2.3,3.03,3.62,2.32,3.0,3.6,2.3,3.13,3.46,2.4,3.13,3.75,2.4,2.99,3.59,2.33,3.1,3.75,2.4,1.57,2.38,1.59,2.44,1.66,2.5,1.58,2.41,1.65,2.5,0.25,1.88,2.02,1.86,2.02,1.93,2.05,1.84,2.0,1.9,2.08,2.7,3.4,2.6,2.7,3.5,2.5,2.75,3.4,2.4,2.77,3.49,2.63,2.62,3.75,2.5,3.0,3.49,2.43,3.0,3.75,2.63,2.77,3.51,2.53,2.84,3.6,2.66,1.62,2.3,1.68,2.29,1.68,2.45,1.61,2.37,1.65,2.5,0.0,2.01,1.92,2.01,1.89,2.09,1.93,2.01,1.88,2.05,1.95,-0.7791750263266699,0.3333333333333333,0.5714285714285714,-0.6085453821369685,0.4551437678467114,0.33287289437233586,0.9383194136408892
E0,15/09/2024,16:30,25,18,1,2,-1,1,0,H,C Kavanagh,-0.3957335011682378,0.2743840096217989,-0.10061677063583058,0.8641579613875012,17,6,4,7,3,3,0,0,3.4,3.5,2.1,3.2,3.75,2.1,3.3,3.7,2.1,3.41,3.71,2.1,3.3,3.7,2.1,3.48,3.58,2.18,3.48,3.8,2.18,3.36,3.69,2.11,3.55,3.85,2.16,1.57,2.38,1.57,2.49,1.59,2.55,1.56,2.47,1.6,2.6,0.25,2.06,1.84,2.06,1.83,2.07,1.85,2.03,1.82,2.12,1.88,3.6,3.5,2.05,3.5,3.7,2.0,3.5,3.5,2.0,3.6,3.73,2.07,3.4,3.75,2.05,4.03,3.58,1.98,4.03,3.8,2.1,3.59,3.69,2.04,3.7,3.85,2.1,1.62,2.3,1.68,2.29,1.68,2.39,1.64,2.31,1.68,2.44,0.5,1.85,2.08,1.85,2.08,1.88,2.09,1.84,2.04,1.9,2.1,-0.7791750263266699,0.4166666666666667,0.42857142857142855,-1.1170791276553267,0.4551437678467114,-1.2522361264483113,0.5710711108460206
E0,21/09/2024,12:30,24,5,0,3,-1,0,2,A,S Barrott,0.11161714135514403,-0.1321108194475329,0.570161700269707,0.36174054197616323,17,9,6,5,5,2,0,0,3.6,3.9,1.95,3.4,3.8,2.05,3.4,3.9,2.0,3.59,3.93,1.99,3.4,3.75,2.05,3.62,3.95,2.02,3.71,4.0,2.05,3.49,3.89,2.01,3.6,4.0,2.08,1.5,2.63,1.53,2.6,1.55,2.66,1.52,2.54,1.57,2.68,0.5,1.9,2.0,1.9,2.0,1.91,2.02,1.87,2.0,1.9,2.08,3.5,3.9,1.95,3.5,3.9,1.98,3.5,3.9,2.0,3.59,3.94,2.01,3.5,3.8,2.0,3.81,3.99,1.93,3.81,4.05,2.06,3.53,3.91,2.0,3.65,4.0,2.06,1.5,2.63,1.52,2.59,1.56,2.66,1.51,2.6,1.57,2.72,0.5,1.9,2.03,1.9,2.02,1.9,2.04,1.86,2.01,1.92,2.06,-2.0565111350589156,0.4666666666666667,0.4166666666666667,-0.6085453821369685,0.4551437678467114,-0.7238664528414288,1.1219435650383236
E0,21/09/2024,15:00,1,25,3,1,1,0,1,A,T Robinson,-0.9030841436916196,-0.5386056485168647,-0.43600600608859935,-0.14067687743517476,11,16,6,5,3,6,0,0,1.57,4.2,5.25,1.58,4.4,5.25,1.57,4.33,5.5,1.59,4.47,5.44,1.6,4.2,5.5,1.62,4.52,5.38,1.62,4.6,5.6,1.59,4.39,5.35,1.62,4.5,5.9,1.57,2.38,1.58,2.47,1.63,2.47,1.58,2.41,1.62,2.54,-1.0,2.0,1.9,1.98,1.93,2.02,1.93,1.98,1.88,2.01,1.97,1.65,4.0,4.75,1.63,4.2,5.0,1.6,4.33,5.5,1.67,4.21,5.16,1.57,4.33,5.5,1.65,4.23,5.37,1.69,4.5,5.5,1.62,4.27,5.28,1.64,4.4,5.8,1.67,2.2,1.68,2.3,1.68,2.41,1.64,2.31,1.7,2.4,-0.75,1.86,2.07,1.85,2.08,1.9,2.17,1.78,2.12,1.81,2.21,1.1368291367716987,0.4444444444444444,0.4,0.7475446059119865,-1.1264368926244865,0.5089961189079634,-1.632418705923191
E0,21/09/2024,15:00,8,18,3,1,1,2,0,H,P Bankes,1.295435307243035,0.47763142415646476,1.9117186420807821,-0.14067687743517476,16,8,6,0,6,0,0,0,3.0,3.4,2.4,2.87,3.6,2.35,2.8,3.5,2.45,2.89,3.54,2.47,2.88,3.4,2.5,2.93,3.54,2.49,3.0,3.61,2.52,2.86,3.51,2.45,3.0,3.65,2.52,1.67,2.2,1.71,2.22,1.72,2.29,1.68,2.22,1.73,2.34,0.25,1.82,2.08,1.78,2.13,1.82,2.14,1.77,2.09,1.84,2.17,2.9,3.4,2.4,2.75,3.5,2.45,2.8,3.5,2.45,3.02,3.57,2.41,2.9,3.5,2.4,3.11,3.48,2.37,3.11,3.61,2.6,2.89,3.51,2.45,3.0,3.65,2.5,1.67,2.2,1.7,2.25,1.71,2.3,1.68,2.24,1.73,2.34,0.25,1.83,2.1,1.85,2.09,1.86,2.24,1.79,2.1,1.84,2.16,1.1368291367716987,0.5,0.26666666666666666,0.06949961188750897,0.4551437678467114,0.33287289437233586,0.20382280805115208
E0,21/09/2024,15:00,11,7,1,1,0,0,1,A,D England,-0.3957335011682378,0.6808788386911306,-1.1067844769941368,0.36174054197616323,11,12,6,1,1,2,0,0,2.45,3.4,2.88,2.55,3.4,2.7,2.5,3.4,2.8,2.54,3.43,2.88,2.5,3.5,2.75,2.53,3.6,2.83,2.58,3.6,2.92,2.52,3.44,2.82,2.62,3.5,2.96,1.87,2.03,1.9,1.99,1.9,2.05,1.86,1.98,1.94,2.04,0.0,1.81,2.09,1.83,2.08,1.85,2.11,1.82,2.06,1.87,2.13,2.1,3.5,3.5,2.1,3.5,3.5,2.1,3.5,3.6,2.1,3.52,3.69,2.1,3.5,3.6,2.14,3.56,3.56,2.15,3.6,3.76,2.11,3.5,3.57,2.18,3.6,3.75,1.73,2.1,1.81,2.13,1.86,2.2,1.79,2.07,1.83,2.18,-0.25,1.84,2.06,1.81,2.11,1.88,2.12,1.82,2.06,1.87,2.13,-0.14050697196054704,0.16666666666666666,0.3125,-0.7780566306430879,-1.1264368926244865,-0.3716200037701739,-1.632418705923191
E0,21/09/2024,15:00,13,2,3,0,1,3,0,H,T Harrington,0.7880846647196531,1.2906210822951283,2.58249711298632,0.8641579613875012,10,12,3,9,1,4,0,0,1.3,6.25,9.0,1.29,6.5,9.0,1.25,6.5,10.0,1.28,6.36,9.45,1.3,6.5,8.5,1.31,6.3,9.75,1.31,6.7,10.0,1.29,6.31,9.35,1.31,6.8,10.5,1.36,3.2,1.36,3.2,1.39,3.27,1.36,3.12,1.41,3.35,-1.75,2.0,1.9,1.97,1.92,2.02,1.93,1.96,1.88,2.05,1.91,1.25,6.5,10.0,1.28,6.5,9.5,1.25,6.5,11.0,1.25,6.85,10.91,1.29,6.5,10.0,1.27,6.69,10.7,1.29,7.1,11.0,1.26,6.7,10.38,1.28,7.2,12.0,1.3,3.5,1.33,3.41,1.35,3.7,1.31,3.53,1.34,3.9,-1.75,1.88,2.05,1.87,2.04,1.88,2.09,1.84,2.03,1.89,2.09,1.7754971911378215,0.6842105263157895,0.3157894736842105,0.7475446059119865,-0.4235121546372875,1.565735466121728,-0.5306737975385851
E0,21/09/2024,15:00,22,9,1,1,0,1,0,H,S Allison,-0.5648503820093651,0.07113659508713299,-0.7713952415413682,0.8641579613875012,16,16,2,10,4,4,0,0,2.25,3.5,3.2,2.25,3.6,3.0,2.3,3.4,3.1,2.27,3.5,3.24,2.2,3.6,3.2,2.26,3.7,3.2,2.3,3.7,3.27,2.25,3.52,3.17,2.34,3.6,3.3,1.8,2.0,1.8,2.09,1.82,2.13,1.77,2.06,1.86,2.12,-0.25,1.97,1.93,1.97,1.93,1.97,1.95,1.92,1.92,2.03,1.96,2.45,3.4,2.88,2.4,3.4,2.9,2.4,3.4,3.0,2.42,3.48,3.06,2.4,3.4,3.0,2.43,3.46,3.03,2.49,3.53,3.06,2.44,3.44,2.95,2.48,3.55,3.1,1.8,2.0,1.81,2.08,1.9,2.13,1.8,2.02,1.86,2.14,-0.25,2.08,1.73,2.09,1.85,2.14,1.85,2.08,1.79,2.13,1.86,-0.14050697196054704,0.2727272727272727,0.46153846153846156,-1.1170791276553267,-0.774974523630887,-1.2522361264483113,-0.8979221003334535
E0,21/09/2024,15:00,23,3,3,1,1,2,1,H,J Brooks,1.464552188084162,-1.3515953066555282,1.5763294066280134,0.8641579613875012,11,9,9,4,3,1,0,0,1.55,4.5,5.5,1.53,4.75,5.5,1.55,4.6,5.5,1.55,4.77,5.48,1.57,4.5,5.5,1.58,4.83,5.43,1.58,5.0,5.6,1.55,4.72,5.41,1.59,4.9,5.8,1.44,2.75,1.44,2.89,1.45,2.93,1.42,2.81,1.47,3.05,-1.0,1.89,2.01,1.88,2.04,1.91,2.05,1.86,2.0,1.92,2.03,1.48,5.0,6.0,1.47,4.8,6.0,1.44,5.0,6.5,1.48,5.1,6.23,1.5,4.8,6.0,1.48,5.12,6.37,1.5,5.33,6.5,1.47,4.99,6.19,1.49,5.2,7.2,1.36,3.2,1.39,3.14,1.45,3.2,1.4,3.0,1.44,3.2,-1.25,2.0,1.93,2.01,1.91,2.03,1.95,1.97,1.89,2.06,1.93,1.1368291367716987,0.43478260869565216,1.0,-0.1000116366186104,-0.24778097014048772,0.6851193434435908,-0.34704964614115075
E0,21/09/2024,17:30,6,15,0,0,0,0,0,D,D Coote,-0.9030841436916196,0.47763142415646476,-0.43600600608859935,0.8641579613875012,7,12,4,11,3,1,0,0,2.88,3.75,2.3,2.75,3.7,2.4,2.8,3.7,2.38,2.92,3.76,2.35,2.88,3.6,2.38,2.92,3.88,2.35,2.96,3.88,2.42,2.85,3.72,2.36,2.96,3.85,2.46,1.57,2.38,1.62,2.41,1.64,2.45,1.6,2.39,1.64,2.5,0.25,1.85,2.05,1.85,2.06,1.85,2.09,1.82,2.03,1.86,2.14,2.75,3.5,2.45,2.8,3.5,2.45,2.8,3.5,2.4,2.8,3.55,2.57,3.0,3.4,2.38,2.8,3.8,2.47,3.0,3.8,2.53,2.85,3.58,2.44,2.98,3.7,2.5,1.67,2.2,1.68,2.27,1.71,2.37,1.68,2.25,1.71,2.38,0.25,1.73,2.08,1.74,2.21,1.85,2.17,1.78,2.08,1.84,2.16,-0.14050697196054704,0.4444444444444444,0.4,-0.7780566306430879,-0.07204978564368794,-0.5477432283058014,0.02019865665371777
E0,22/09/2024,14:00,4,20,2,2,0,2,1,H,R Jones,-0.05749973948598325,-1.75809013572486,-0.7713952415413682,-0.6430942968465128,12,11,9,1,3,4,0,1,1.75,3.75,4.75,1.78,3.8,4.4,1.75,3.9,4.6,1.79,3.91,4.51,1.8,3.8,4.5,1.8,3.98,4.57,2.44,3.99,4.75,1.86,3.83,4.21,1.79,4.0,4.9,1.86,2.04,1.85,2.04,1.87,2.07,1.83,2.02,1.93,2.06,-0.75,2.04,1.86,2.03,1.88,2.05,1.91,1.98,1.85,2.02,1.96,1.8,3.7,4.33,1.85,3.7,4.2,1.8,3.75,4.4,1.84,3.82,4.45,1.83,3.7,4.4,1.82,3.79,4.63,1.89,3.85,4.63,1.84,3.75,4.33,1.87,3.95,4.6,1.8,2.0,1.83,2.07,1.99,2.12,1.82,2.03,1.85,2.16,-0.75,2.03,1.78,2.09,1.83,2.12,1.86,2.07,1.8,2.13,1.87,-0.14050697196054704,0.21428571428571427,0.75,0.23901086039362834,0.27941258334991165,0.6851193434435908,0.3874469594485863
E0,22/09/2024,16:30,14,0,2,2,0,1,2,A,M Oliver,3.1557209964954347,-1.554842721190194,1.9117186420807821,-0.6430942968465128,7,10,8,2,3,4,0,1,1.8,3.6,4.5,1.8,3.6,4.6,1.83,3.5,4.75,1.85,3.66,4.54,1.85,3.5,4.5,1.85,3.71,4.63,1.87,3.75,4.75,1.83,3.62,4.52,1.88,3.65,4.9,2.04,1.86,2.05,1.85,2.08,1.87,2.02,1.82,2.14,1.86,-0.75,2.07,1.83,2.11,1.79,2.11,1.83,2.06,1.79,2.15,1.85,1.75,3.5,5.0,1.8,3.5,4.8,1.73,3.4,5.0,1.81,3.66,4.91,1.75,3.5,5.0,1.77,3.59,5.37,1.83,3.75,5.37,1.78,3.58,4.98,1.84,3.7,5.1,2.05,1.85,2.03,1.88,2.07,1.9,2.0,1.85,2.08,1.91,-0.75,2.06,1.87,2.06,1.87,2.11,1.89,2.02,1.85,2.1,1.89,-0.14050697196054704,0.3333333333333333,0.6,0.9170558544181059,0.6308749523435112,1.3896122415861005,0.9383194136408892
E0,28/09/2024,12:30,18,14,1,1,0,0,1,A,J Gillett,-0.5648503820093651,0.6808788386911306,-0.43600600608859935,0.8641579613875012,14,10,5,6,4,4,0,0,5.25,4.33,1.6,5.0,4.33,1.61,5.0,4.5,1.57,5.18,4.54,1.6,5.0,4.33,1.62,5.14,4.59,1.63,5.3,4.7,1.63,5.09,4.47,1.61,5.6,4.7,1.64,1.5,2.63,1.5,2.67,1.53,2.8,1.49,2.64,1.52,2.84,1.0,1.89,2.01,1.93,1.96,1.94,2.05,1.88,1.98,1.92,2.06,4.75,4.1,1.67,5.0,4.2,1.65,4.75,4.2,1.67,4.9,4.23,1.69,4.8,4.0,1.7,5.17,4.19,1.67,5.5,4.35,1.7,4.95,4.2,1.67,5.1,4.4,1.71,1.57,2.38,1.62,2.42,1.63,2.49,1.59,2.42,1.63,2.54,0.75,2.05,1.88,2.04,1.88,2.11,1.89,2.04,1.83,2.08,1.91,-0.14050697196054704,0.36363636363636365,0.375,0.578033357405867,1.1580685058339106,0.15674966983670843,1.489191867833192
E0,28/09/2024,15:00,0,11,4,2,1,2,0,H,S Barrott,3.663071639018817,-1.554842721190194,3.5886648193446256,-0.6430942968465128,11,6,17,0,2,4,0,0,1.17,8.0,15.0,1.19,7.75,14.0,1.17,8.0,16.0,1.18,8.27,14.09,1.2,7.0,15.0,1.21,7.43,16.0,1.21,8.8,18.0,1.18,7.82,15.12,1.19,9.0,19.0,1.5,2.63,1.54,2.57,1.55,2.75,1.49,2.55,1.54,2.74,-2.0,1.98,1.92,2.0,1.88,2.01,1.96,1.95,1.91,1.97,1.97,1.2,7.5,13.0,1.21,7.0,14.5,1.18,7.0,17.0,1.2,6.8,17.5,1.18,7.0,17.0,1.21,7.59,13.7,1.22,7.8,17.5,1.2,7.13,15.65,1.23,7.2,19.5,1.57,2.38,1.6,2.42,1.63,2.5,1.59,2.4,1.63,2.56,-1.75,1.84,2.09,1.85,2.07,1.86,2.13,1.81,2.06,1.86,2.13,1.1368291367716987,0.4444444444444444,0.6,1.0865671029242252,-0.774974523630887,1.213489017050473,-0.7142979489360194
E0,28/09/2024,15:00,3,24,1,1,0,1,0,H,S Hooper,-1.072201024532747,1.2906210822951283,-0.7713952415413682,-0.6430942968465128,2,11,7,7,2,3,0,0,2.2,3.5,3.2,2.2,3.6,3.1,2.2,3.5,3.25,2.23,3.63,3.22,2.25,3.6,3.1,2.23,3.82,3.16,2.27,3.82,3.26,2.23,3.62,3.16,2.32,3.7,3.3,1.67,2.2,1.65,2.33,1.71,2.34,1.66,2.27,1.75,2.3,-0.25,1.93,1.97,1.94,1.96,1.95,1.98,1.91,1.93,2.0,1.98,2.2,3.5,3.1,2.2,3.6,3.1,2.25,3.5,3.2,2.26,3.56,3.27,2.2,3.7,3.1,2.33,3.61,3.09,2.33,3.7,3.4,2.23,3.57,3.2,2.3,3.75,3.3,1.62,2.3,1.67,2.32,1.67,2.4,1.63,2.32,1.69,2.44,-0.25,1.98,1.95,1.96,1.96,2.01,1.99,1.93,1.94,2.0,1.98,-0.14050697196054704,0.375,0.15789473684210525,-0.1000116366186104,-0.4235121546372875,-0.3716200037701739,-0.7142979489360194
E0,28/09/2024,15:00,5,4,4,2,1,4,2,H,P Bankes,0.11161714135514403,0.47763142415646476,0.570161700269707,0.36174054197616323,11,8,8,2,3,2,0,0,1.73,4.2,4.2,1.71,4.1,4.5,1.7,4.2,4.5,1.75,4.3,4.32,1.75,4.2,4.33,1.76,4.33,4.39,1.77,4.35,4.5,1.74,4.23,4.35,1.77,4.4,4.7,1.5,2.63,1.51,2.66,1.54,2.69,1.5,2.58,1.54,2.78,-0.75,1.95,1.95,1.95,1.95,1.98,2.01,1.92,1.93,1.96,2.01,1.75,4.2,4.0,1.77,4.1,4.2,1.75,4.2,4.33,1.81,4.2,4.15,1.75,4.2,4.33,1.74,4.3,4.5,1.81,4.3,4.5,1.77,4.18,4.26,1.82,4.3,4.5,1.44,2.75,1.48,2.77,1.53,2.88,1.48,2.71,1.51,2.94,-0.75,2.03,1.9,2.04,1.89,2.04,1.94,1.95,1.91,2.03,1.95,1.1368291367716987,0.4666666666666667,0.3333333333333333,0.9170558544181059,0.27941258334991165,1.3896122415861005,0.3874469594485863
E0,28/09/2024,15:00,7,6,2,1,1,0,1,A,A Madley,-1.072201024532747,0.8841262532257965,-1.1067844769941368,0.36174054197616323,13,11,5,8,2,1,0,0,2.7,3.3,2.63,2.7,3.4,2.55,2.7,3.4,2.63,2.76,3.35,2.69,2.75,3.4,2.6,2.75,3.59,2.61,2.8,3.59,2.71,2.73,3.39,2.63,2.84,3.5,2.74,1.88,2.02,1.86,2.03,1.92,2.04,1.87,1.97,1.96,2.02,0.0,1.98,1.92,1.98,1.93,2.0,1.94,1.98,1.9,2.03,1.95,2.7,3.25,2.6,2.7,3.3,2.65,2.75,3.4,2.63,2.79,3.35,2.7,2.7,3.4,2.6,2.78,3.35,2.68,2.81,3.5,2.71,2.75,3.34,2.65,2.9,3.45,2.72,1.91,1.99,1.93,1.98,1.93,2.0,1.89,1.95,1.95,2.04,0.0,2.02,1.91,1.99,1.93,2.05,1.93,1.99,1.9,2.06,1.93,0.4981610824055759,0.25,0.29411764705882354,-0.6085453821369685,-0.774974523630887,-1.4283593509839385,-0.7142979489360194
E0,28/09/2024,15:00,20,8,0,1,-1,0,0,D,J Smith,-0.5648503820093651,0.2743840096217989,-1.4421737124469056,-1.1455117162578508,11,15,6,5,2,4,0,0,2.38,3.3,3.0,2.37,3.3,3.0,2.3,3.3,3.1,2.49,3.32,3.03,2.38,3.3,3.1,2.37,3.52,3.14,2.51,3.52,3.23,2.4,3.34,3.07,2.44,3.45,3.25,2.02,1.88,2.01,1.88,2.04,1.89,2.0,1.85,2.08,1.9,-0.25,2.06,1.84,2.08,1.84,2.13,1.86,2.04,1.81,2.08,1.9,2.55,3.1,2.9,2.5,3.2,3.0,2.5,3.1,3.1,2.65,3.16,3.0,2.5,3.2,3.0,2.64,3.18,2.97,2.66,3.23,3.2,2.54,3.17,3.03,2.6,3.25,3.2,2.2,1.67,2.29,1.69,2.32,1.73,2.19,1.68,2.28,1.76,0.0,1.83,2.1,1.85,2.09,1.85,2.15,1.81,2.11,1.8,2.22,-0.7791750263266699,0.09090909090909091,0.14285714285714285,0.23901086039362834,0.6308749523435112,0.15674966983670843,0.5710711108460206
E0,28/09/2024,17:30,25,13,1,2,-1,0,1,A,A Taylor,-1.072201024532747,-0.5386056485168647,-0.7713952415413682,0.8641579613875012,16,8,2,10,2,3,0,0,8.0,5.75,1.33,7.75,5.25,1.38,8.0,5.5,1.33,8.09,5.63,1.36,8.0,5.5,1.35,8.45,5.7,1.37,8.5,5.9,1.38,8.05,5.55,1.35,9.0,6.0,1.37,1.44,2.75,1.48,2.73,1.49,2.95,1.45,2.77,1.48,3.0,1.5,1.93,1.97,1.96,1.94,1.96,2.0,1.91,1.95,1.98,1.98,8.0,5.75,1.33,8.5,6.0,1.32,9.5,5.5,1.3,8.72,5.95,1.33,9.5,5.8,1.3,8.48,5.85,1.35,9.5,6.3,1.35,8.71,5.91,1.32,9.6,6.2,1.35,1.4,3.0,1.4,3.06,1.42,3.17,1.4,3.03,1.43,3.25,1.5,2.03,1.9,2.01,1.92,2.07,1.92,2.01,1.87,2.08,1.92,-0.7791750263266699,0.375,0.6,-1.1170791276553267,1.3337996903307103,-1.7806058000551934,1.8564401706280604
E0,29/09/2024,14:00,9,1,2,2,0,1,2,A,S Attwell,0.11161714135514403,-1.1483478921208623,-0.10061677063583058,-0.6430942968465128,10,14,10,0,4,1,0,0,4.0,3.75,1.85,3.9,3.7,1.9,4.2,3.75,1.87,4.34,3.77,1.85,4.0,3.7,1.91,4.23,4.0,1.86,4.4,4.0,1.91,4.15,3.77,1.87,4.4,3.85,1.92,1.73,2.1,1.74,2.18,1.79,2.2,1.73,2.14,1.77,2.26,0.5,2.01,1.89,2.05,1.86,2.05,1.91,1.99,1.87,2.08,1.91,3.5,3.5,2.1,3.6,3.6,2.05,3.6,3.6,2.05,3.64,3.59,2.1,3.7,3.5,2.05,3.78,3.56,2.06,3.9,3.65,2.11,3.65,3.58,2.06,3.75,3.75,2.12,1.8,2.0,1.85,2.07,1.85,2.11,1.8,2.05,1.86,2.14,0.5,1.75,2.05,1.83,2.11,1.87,2.12,1.82,2.05,1.87,2.13,-0.14050697196054704,0.3333333333333333,0.42857142857142855,-0.6085453821369685,0.9823373213371107,-0.8999896773770563,0.5710711108460206
E0,29/09/2024,16:30,15,23,0,3,-1,0,1,A,C Kavanagh,-0.5648503820093651,2.3068581549684577,-1.1067844769941368,2.873827639032853,16,14,5,3,5,3,1,0,2.35,3.75,2.75,2.3,3.9,2.8,2.38,3.9,2.75,2.42,3.9,2.75,2.3,4.0,2.75,2.38,4.13,2.75,2.42,4.13,2.8,2.36,3.89,2.77,2.46,4.0,2.86,1.44,2.75,1.45,2.88,1.45,3.07,1.42,2.87,1.46,3.05,-0.25,2.08,1.82,2.12,1.79,2.12,1.85,2.05,1.8,2.15,1.85,2.05,3.9,3.2,2.1,3.8,3.25,2.05,3.7,3.25,2.12,3.89,3.27,2.15,3.7,3.25,2.04,4.0,3.46,2.16,4.0,3.46,2.11,3.86,3.24,2.16,3.95,3.45,1.44,2.75,1.45,2.91,1.46,2.96,1.44,2.86,1.47,3.05,-0.25,1.87,2.06,1.89,2.04,1.91,2.12,1.85,2.02,1.89,2.11,-2.0565111350589156,0.18181818181818182,0.4166666666666667,-0.1000116366186104,0.4551437678467114,-0.5477432283058014,1.3055677164357578
E0,30/09/2024,20:00,2,22,3,1,1,3,0,H,M Oliver,-0.05749973948598325,-0.7418530630515305,0.2347724648169382,-0.6430942968465128,19,12,7,4,2,5,0,0,1.65,4.1,5.0,1.65,4.2,5.0,1.62,4.1,5.0,1.65,4.37,5.01,1.67,4.2,4.8,1.67,4.53,4.84,1.68,4.53,5.25,1.65,4.29,4.91,1.68,4.4,5.5,1.5,2.63,1.49,2.7,1.52,2.75,1.49,2.6,1.53,2.72,-0.75,1.83,2.07,1.8,2.1,1.83,2.13,1.79,2.06,1.83,2.15,1.48,4.33,6.5,1.53,4.5,5.75,1.5,4.5,6.0,1.49,4.69,6.79,1.57,4.2,5.8,1.58,4.34,5.94,1.58,4.75,6.79,1.52,4.52,6.1,1.56,4.7,6.4,1.57,2.38,1.59,2.49,1.64,2.55,1.57,2.46,1.61,2.62,-1.0,1.78,2.03,1.77,2.17,1.93,2.17,1.83,2.04,1.91,2.08,1.1368291367716987,0.42857142857142855,0.3333333333333333,0.06949961188750897,-1.1264368926244865,-0.19549677923454647,-1.632418705923191
E0,05/10/2024,12:30,6,13,0,1,-1,0,1,A,S Hooper,-0.9030841436916196,0.6808788386911306,-0.10061677063583058,-0.14067687743517476,7,15,3,8,4,2,0,0,6.0,4.5,1.5,6.0,4.6,1.5,6.5,4.6,1.47,6.38,4.71,1.5,6.5,4.4,1.5,6.67,4.69,1.51,6.67,4.9,1.52,6.36,4.65,1.49,6.6,4.9,1.55,1.57,2.38,1.62,2.39,1.64,2.5,1.59,2.4,1.62,2.52,1.0,2.05,1.75,2.11,1.82,2.12,1.83,2.08,1.79,2.13,1.86,5.0,4.0,1.67,4.8,4.1,1.66,5.0,4.0,1.65,5.14,4.1,1.69,5.5,4.0,1.65,5.42,4.07,1.66,5.5,4.25,1.72,5.03,4.1,1.67,5.5,4.2,1.7,1.67,2.2,1.7,2.26,1.7,2.38,1.66,2.27,1.72,2.38,0.75,2.05,1.88,2.05,1.88,2.11,1.9,2.03,1.84,2.11,1.88,-0.7791750263266699,0.5555555555555556,0.25,-0.7780566306430879,1.8609932438211096,-0.8999896773770563,2.040064322025495
E0,05/10/2024,15:00,0,22,3,1,1,0,0,D,T Harrington,2.479253473130926,-0.9451004775861965,0.2347724648169382,-1.1455117162578508,10,9,13,1,0,3,0,0,1.14,9.0,17.0,1.14,9.5,17.0,1.11,9.5,21.0,1.13,9.46,19.13,1.14,8.5,19.0,1.15,9.4,20.0,1.16,10.0,21.0,1.14,9.2,18.63,1.14,11.0,26.0,1.36,3.2,1.38,3.16,1.4,3.25,1.36,3.13,1.4,3.4,-2.25,1.89,2.01,1.91,1.98,1.91,2.05,1.88,1.96,1.96,2.01,1.18,7.5,13.0,1.18,8.0,14.5,1.15,7.0,16.0,1.16,8.18,18.71,1.18,7.0,17.0,1.2,7.97,14.3,1.21,8.8,18.71,1.18,7.99,15.31,1.2,8.2,21.0,1.44,2.75,1.45,2.84,1.46,3.0,1.44,2.86,1.48,3.05,-2.0,1.9,2.03,1.88,2.03,1.91,2.07,1.87,2.0,1.92,2.06,1.1368291367716987,0.20689655172413793,0.25,1.5951008484425833,-1.1264368926244865,1.565735466121728,-1.9996670087180595
E0,05/10/2024,15:00,3,25,5,3,1,4,2,H,A Madley,0.7880846647196531,0.8841262532257965,2.247107877533551,0.8641579613875012,9,10,10,3,2,3,0,0,2.05,3.6,3.4,2.0,3.6,3.6,2.05,3.6,3.6,2.14,3.62,3.44,2.1,3.6,3.5,2.11,3.75,3.51,2.14,3.75,3.7,2.09,3.64,3.47,2.16,3.75,3.65,1.73,2.1,1.81,2.08,1.81,2.13,1.78,2.08,1.83,2.16,-0.25,1.85,2.05,1.87,2.05,1.88,2.16,1.8,2.06,1.87,2.12,2.1,3.5,3.4,2.05,3.6,3.4,2.0,3.5,3.6,2.11,3.61,3.6,2.05,3.6,3.6,2.0,3.69,3.86,2.11,3.7,3.86,2.05,3.6,3.57,2.12,3.75,3.75,1.73,2.1,1.79,2.13,1.79,2.2,1.76,2.1,1.8,2.22,-0.5,2.05,1.75,2.11,1.81,2.11,1.86,2.06,1.8,2.12,1.88,1.1368291367716987,0.631578947368421,0.35294117647058826,0.4085221088997477,-1.1264368926244865,-0.019373554698919018,-2.183291160115494
E0,05/10/2024,15:00,11,2,1,0,1,1,0,H,D Bond,-1.4104347862150015,0.8841262532257965,-1.1067844769941368,-1.1455117162578508,12,14,0,9,4,1,0,0,3.1,3.75,2.15,3.1,3.7,2.15,3.4,3.6,2.15,3.35,3.63,2.17,3.2,3.7,2.15,3.32,3.81,2.16,3.4,3.81,2.22,3.24,3.66,2.17,3.5,3.75,2.22,1.67,2.2,1.73,2.2,1.74,2.29,1.69,2.21,1.72,2.32,0.25,1.99,1.91,2.01,1.89,2.02,1.93,1.97,1.87,2.07,1.92,3.5,3.9,2.0,3.4,3.7,2.05,3.6,3.75,1.95,3.7,3.81,2.02,3.5,3.7,2.05,3.42,3.94,2.06,3.7,3.94,2.11,3.5,3.79,2.04,3.7,4.0,2.06,1.62,2.3,1.65,2.36,1.67,2.42,1.63,2.33,1.69,2.42,0.5,1.89,2.06,1.9,2.03,1.9,2.09,1.84,2.05,1.92,2.06,0.4981610824055759,0.3333333333333333,0.11764705882352941,-0.26952288512472977,0.10368139885311185,-0.5477432283058014,-0.34704964614115075
E0,05/10/2024,15:00,14,8,3,2,1,1,1,D,P Bankes,0.9572015455607804,-0.3353582339821988,0.570161700269707,-0.14067687743517476,4,10,8,3,2,1,0,0,1.25,7.0,9.5,1.24,6.75,11.0,1.22,7.0,12.0,1.23,7.15,10.66,1.25,6.0,12.0,1.27,6.52,11.4,1.27,7.6,12.0,1.24,6.85,11.11,1.26,7.6,13.0,1.44,2.75,1.47,2.74,1.49,2.82,1.45,2.74,1.5,2.9,-1.75,1.9,2.0,1.91,1.98,1.95,2.03,1.88,1.96,1.98,2.0,1.25,6.5,10.0,1.27,6.25,10.5,1.22,6.0,11.0,1.26,6.52,11.37,1.29,6.0,11.0,1.27,6.69,10.8,1.29,6.8,12.0,1.26,6.4,10.93,1.29,6.6,12.5,1.5,2.63,1.52,2.65,1.53,2.76,1.49,2.68,1.53,2.86,-1.75,2.02,1.91,2.01,1.9,2.03,1.98,1.97,1.89,2.05,1.94,0.4981610824055759,0.35,0.36363636363636365,1.5951008484425833,0.6308749523435112,1.565735466121728,0.3874469594485863
E0,05/10/2024,15:00,24,9,4,1,1,2,1,H,A Taylor,1.464552188084162,-0.7418530630515305,2.58249711298632,-1.1455117162578508,12,6,5,5,0,1,0,0,1.8,3.8,4.33,1.8,3.9,4.1,1.75,3.9,4.4,1.81,4.02,4.29,1.8,3.9,4.33,1.83,4.06,4.28,1.86,4.1,4.45,1.8,3.96,4.25,1.83,4.1,4.6,1.67,2.2,1.71,2.22,1.72,2.29,1.69,2.21,1.72,2.32,-0.75,2.04,1.86,2.04,1.87,2.06,1.89,2.02,1.83,2.07,1.92,1.9,3.8,3.8,1.9,3.75,3.9,1.85,3.7,4.0,1.92,3.84,4.05,1.91,3.75,3.9,1.87,3.91,4.18,2.0,3.91,4.18,1.91,3.79,3.98,1.94,3.9,4.3,1.73,2.1,1.74,2.2,1.78,2.31,1.73,2.15,1.77,2.28,-0.5,1.94,1.99,1.93,2.0,1.95,2.02,1.9,1.97,1.94,2.05,1.7754971911378215,0.5652173913043478,0.2222222222222222,0.06949961188750897,-0.5992433391340872,-0.19549677923454647,-1.4487945545257563
E0,05/10/2024,17:30,7,18,0,0,0,0,0,D,C Pawson,-1.072201024532747,0.2743840096217989,-1.1067844769941368,-0.6430942968465128,12,8,0,10,1,2,0,0,3.2,3.6,2.2,3.1,3.6,2.2,3.1,3.6,2.25,3.18,3.59,2.27,3.1,3.7,2.2,3.14,3.77,2.26,3.25,3.77,2.29,3.15,3.62,2.23,3.25,3.75,2.32,1.67,2.2,1.73,2.19,1.75,2.29,1.69,2.21,1.72,2.3,0.25,1.95,1.95,1.93,1.98,1.96,1.98,1.92,1.92,1.97,2.01,3.7,3.7,1.95,3.6,3.75,1.95,3.7,3.75,1.95,3.71,3.77,2.0,3.6,3.7,2.0,3.96,3.78,1.94,3.96,3.9,2.04,3.67,3.74,1.98,3.9,3.9,2.02,1.73,2.1,1.72,2.22,1.73,2.32,1.67,2.23,1.75,2.3,0.5,1.92,2.01,1.92,2.01,1.93,2.01,1.87,1.99,1.96,2.02,-0.14050697196054704,0.25,0.21428571428571427,-0.43903413363084914,0.806606136840311,-1.4283593509839385,0.20382280805115208
E0,06/10/2024,14:00,1,15,0,0,0,0,0,D,R Jones,-0.5648503820093651,-0.5386056485168647,-1.4421737124469056,-0.14067687743517476,12,11,6,3,1,5,0,0,2.2,3.75,3.0,2.2,3.7,3.0,2.2,3.8,3.0,2.22,3.87,3.09,2.2,3.7,3.1,2.22,3.99,3.08,2.25,3.99,3.2,2.21,3.82,3.06,2.28,3.95,3.2,1.53,2.5,1.55,2.57,1.55,2.63,1.53,2.52,1.59,2.64,-0.25,1.95,1.95,1.95,1.95,1.97,1.97,1.91,1.93,1.99,2.0,2.1,3.9,3.1,2.2,3.8,3.0,2.15,3.75,3.0,2.23,3.84,3.13,2.25,3.75,3.0,2.23,3.99,3.02,2.25,3.99,3.24,2.2,3.86,3.06,2.24,4.0,3.2,1.44,2.75,1.49,2.72,1.5,2.88,1.47,2.73,1.52,2.88,-0.25,1.88,2.05,1.96,1.96,1.99,2.05,1.91,1.95,1.96,2.02,-0.14050697196054704,0.09090909090909091,0.4,1.0865671029242252,0.10368139885311185,0.5089961189079634,-0.5306737975385851
E0,06/10/2024,14:00,5,20,1,1,0,0,0,D,C Kavanagh,1.295435307243035,0.6808788386911306,0.9055509357224758,2.371410219621515,12,11,11,3,6,2,0,1,1.48,4.5,6.5,1.47,4.6,6.25,1.44,4.6,7.0,1.5,4.81,6.2,1.5,4.5,6.5,1.52,4.79,6.31,1.52,4.95,7.0,1.48,4.73,6.32,1.5,4.9,7.4,1.57,2.38,1.57,2.49,1.59,2.55,1.55,2.46,1.6,2.6,-1.25,2.05,1.85,2.07,1.85,2.09,1.88,2.02,1.83,2.11,1.86,1.48,4.5,6.5,1.5,4.5,6.25,1.47,4.5,6.0,1.52,4.7,6.34,1.5,4.4,7.0,1.5,4.59,6.94,1.53,4.75,7.0,1.5,4.6,6.34,1.55,4.8,6.6,1.57,2.38,1.62,2.41,1.63,2.49,1.59,2.41,1.65,2.52,-1.25,2.09,1.84,2.11,1.81,2.13,1.88,2.07,1.8,2.16,1.85,-0.14050697196054704,0.36363636363636365,0.5625,1.0865671029242252,0.4551437678467114,1.3896122415861005,0.20382280805115208
E0,06/10/2024,16:30,4,23,3,2,1,0,2,A,D Coote,-0.5648503820093651,0.07113659508713299,-0.43600600608859935,-0.6430942968465128,14,10,4,7,2,2,0,0,2.9,4.0,2.2,2.85,4.0,2.25,2.88,3.9,2.25,2.95,3.99,2.25,2.9,4.0,2.2,2.94,4.18,2.24,2.99,4.18,2.28,2.9,4.01,2.23,3.0,4.1,2.34,1.4,3.0,1.42,3.0,1.42,3.12,1.39,3.0,1.41,3.35,0.25,1.93,1.97,1.92,1.99,1.94,1.99,1.89,1.94,1.93,2.05,2.9,3.9,2.15,2.85,3.8,2.25,2.88,3.75,2.2,2.94,3.95,2.3,2.9,3.8,2.3,3.06,4.04,2.19,3.06,4.1,2.33,2.89,3.93,2.27,3.1,4.0,2.3,1.4,3.0,1.42,3.02,1.43,3.14,1.4,3.03,1.43,3.25,0.25,1.94,1.99,1.9,2.03,1.97,2.03,1.88,1.99,1.93,2.06,0.4981610824055759,0.36363636363636365,0.23076923076923078,0.7475446059119865,0.4551437678467114,0.5089961189079634,1.1219435650383236
E0,19/10/2024,12:30,23,24,4,1,1,1,1,D,A Madley,1.295435307243035,-0.3353582339821988,0.570161700269707,-0.14067687743517476,10,15,13,5,1,3,0,1,1.5,5.0,5.25,1.5,4.8,5.75,1.47,4.2,6.0,1.5,5.01,5.88,1.53,4.75,5.5,1.53,5.04,5.76,1.54,5.1,6.0,1.5,4.91,5.73,1.54,5.2,6.2,1.36,3.2,1.38,3.18,1.4,3.22,1.37,3.08,1.42,3.3,-1.25,2.04,1.86,2.04,1.88,2.07,1.88,2.01,1.84,2.06,1.88,1.45,5.25,5.75,1.46,5.0,6.25,1.44,4.5,6.0,1.45,5.45,6.25,1.44,5.0,6.5,1.49,5.37,5.88,1.49,5.5,6.6,1.45,5.23,6.17,1.48,5.6,6.6,1.33,3.4,1.35,3.4,1.38,3.56,1.34,3.34,1.38,3.55,-1.25,1.93,2.0,1.93,2.0,1.94,2.02,1.9,1.96,1.96,2.03,1.7754971911378215,0.3181818181818182,0.36363636363636365,0.9170558544181059,0.10368139885311185,1.565735466121728,-0.7142979489360194
E0,19/10/2024,15:00,8,1,1,3,-1,1,1,D,D England,-0.7339672628504923,0.2743840096217989,-0.43600600608859935,0.36174054197616323,8,11,6,11,3,3,1,1,2.45,3.5,2.8,2.4,3.5,2.85,2.4,3.4,2.9,2.46,3.5,2.94,2.4,3.6,2.88,2.45,3.71,2.88,2.5,3.71,2.98,2.44,3.5,2.89,2.52,3.6,3.0,1.73,2.1,1.75,2.17,1.78,2.2,1.73,2.14,1.77,2.26,-0.25,2.08,1.7,2.13,1.8,2.13,1.8,2.08,1.77,2.17,1.84,2.45,3.4,2.8,2.45,3.5,2.8,2.45,3.4,2.88,2.48,3.46,2.98,2.5,3.5,2.8,2.54,3.5,2.86,2.55,3.5,3.0,2.48,3.44,2.89,2.56,3.55,3.0,1.8,2.0,1.83,2.06,1.9,2.13,1.81,2.04,1.85,2.16,-0.25,2.08,1.73,2.15,1.81,2.16,1.82,2.11,1.77,2.2,1.82,-1.4178430806927929,0.4,0.35714285714285715,0.578033357405867,1.68526205932431,-0.019373554698919018,0.9383194136408892
E0,19/10/2024,15:00,9,7,0,2,-1,0,2,A,M Oliver,-0.22661662032711052,-0.3353582339821988,-1.1067844769941368,1.8689928002101772,12,10,5,8,1,1,0,0,2.38,3.3,3.0,2.4,3.4,2.9,2.4,3.4,3.0,2.4,3.43,3.07,2.4,3.4,3.0,2.42,3.48,3.08,2.42,3.5,3.11,2.4,3.42,3.01,2.48,3.5,3.15,1.86,2.04,1.86,2.03,1.88,2.06,1.83,2.01,1.88,2.1,-0.25,2.08,1.82,2.08,1.84,2.12,1.84,2.05,1.81,2.12,1.87,2.38,3.4,2.9,2.35,3.4,3.1,2.3,3.4,3.1,2.44,3.43,3.06,2.38,3.3,3.1,2.43,3.58,2.95,2.44,3.6,3.2,2.38,3.43,3.05,2.48,3.5,3.15,1.88,2.02,1.88,2.03,1.92,2.1,1.86,2.0,1.91,2.08,-0.25,2.1,1.83,2.11,1.83,2.11,1.87,2.03,1.84,2.12,1.88,-1.4178430806927929,0.15384615384615385,0.7272727272727273,-0.6085453821369685,0.10368139885311185,-1.7806058000551934,-1.0815462517308878
E0,19/10/2024,15:00,15,3,2,1,1,0,1,A,S Barrott,1.464552188084162,-0.9451004775861965,1.9117186420807821,-1.1455117162578508,14,5,9,2,2,2,0,0,1.7,4.2,4.5,1.7,4.2,4.5,1.67,4.33,4.6,1.72,4.37,4.43,1.7,4.2,4.5,1.74,4.38,4.48,1.75,4.5,4.75,1.71,4.28,4.48,1.74,4.5,4.8,1.5,2.63,1.51,2.64,1.53,2.66,1.49,2.58,1.56,2.68,-0.75,1.83,1.95,1.92,1.99,1.92,2.04,1.87,1.97,1.93,2.05,1.62,4.2,5.0,1.7,4.2,4.5,1.7,4.2,4.6,1.67,4.41,4.92,1.7,4.2,4.6,1.68,4.19,5.09,1.73,4.5,5.09,1.69,4.27,4.72,1.71,4.4,5.2,1.5,2.63,1.51,2.68,1.57,2.75,1.51,2.62,1.55,2.78,-0.75,1.75,2.05,1.84,2.1,1.91,2.13,1.84,2.03,1.91,2.08,0.4981610824055759,0.4782608695652174,0.25,0.578033357405867,0.4551437678467114,-0.3716200037701739,-0.1634254947437165
E0,19/10/2024,15:00,18,4,0,1,-1,0,1,A,P Bankes,1.1263184264019077,-0.5386056485168647,0.2347724648169382,0.36174054197616323,11,9,9,4,2,2,0,0,1.95,3.7,3.6,2.0,3.75,3.5,1.95,3.9,3.6,2.01,3.91,3.55,2.0,3.8,3.5,2.03,4.08,3.48,2.05,4.08,3.66,2.01,3.88,3.51,2.02,4.0,3.75,1.49,2.45,1.52,2.63,1.54,2.69,1.51,2.56,1.56,2.68,-0.5,2.01,1.89,2.02,1.88,2.04,1.92,2.0,1.86,2.02,1.96,1.73,4.0,4.5,1.71,4.1,4.5,1.7,3.9,4.75,1.75,4.08,4.67,1.7,4.0,4.75,1.78,4.08,4.43,1.78,4.25,4.9,1.73,4.08,4.6,1.76,4.3,4.9,1.53,2.5,1.55,2.58,1.55,2.66,1.51,2.59,1.56,2.74,-0.75,1.95,1.98,1.96,1.96,1.96,2.04,1.91,1.96,1.96,2.02,-0.7791750263266699,0.2857142857142857,0.5,0.7475446059119865,1.3337996903307103,-0.019373554698919018,0.754695262243455
E0,19/10/2024,15:00,22,11,2,3,-1,2,0,H,A Taylor,-0.05749973948598325,1.0873736677604624,0.570161700269707,-0.14067687743517476,10,10,10,6,5,3,1,0,2.3,3.5,3.0,2.35,3.5,2.9,2.3,3.5,3.0,2.34,3.53,3.09,2.38,3.5,3.0,2.36,3.61,3.08,2.38,3.63,3.14,2.33,3.54,3.03,2.42,3.65,3.15,1.73,2.1,1.79,2.11,1.8,2.16,1.76,2.08,1.82,2.14,-0.25,1.97,1.81,2.03,1.88,2.06,1.89,1.99,1.85,2.08,1.9,2.15,3.6,3.25,2.15,3.5,3.3,2.15,3.4,3.4,2.23,3.5,3.41,2.2,3.5,3.3,2.25,3.67,3.2,2.25,3.67,3.45,2.2,3.54,3.32,2.28,3.6,3.45,1.73,2.1,1.78,2.12,1.83,2.2,1.76,2.11,1.81,2.18,-0.25,1.89,2.01,1.93,2.0,1.93,2.03,1.89,1.98,1.97,2.02,-0.7791750263266699,0.5,0.2222222222222222,-1.1170791276553267,0.27941258334991165,-2.132852249126448,-0.34704964614115075
E0,19/10/2024,17:30,2,0,2,0,1,0,0,D,R Jones,-0.22661662032711052,-1.3515953066555282,-0.43600600608859935,-1.6479291356691887,12,11,7,4,1,1,0,1,5.0,3.9,1.65,4.8,4.1,1.66,5.0,3.9,1.67,5.01,4.13,1.68,5.0,4.0,1.67,4.99,4.23,1.7,5.1,4.23,1.71,4.94,4.09,1.68,5.5,4.1,1.72,1.73,2.1,1.74,2.18,1.75,2.2,1.72,2.15,1.79,2.22,0.75,2.04,1.86,2.04,1.88,2.06,1.88,2.01,1.84,2.07,1.89,4.75,3.7,1.75,4.75,3.7,1.75,5.0,3.7,1.75,5.17,3.71,1.76,4.6,3.8,1.75,5.37,3.76,1.73,5.37,3.85,1.85,4.85,3.73,1.77,5.5,3.8,1.79,1.99,1.91,1.96,1.94,1.99,2.08,1.89,1.96,1.98,2.0,0.75,1.92,2.01,1.93,2.0,1.96,2.07,1.89,1.98,1.96,2.02,1.1368291367716987,0.3076923076923077,0.16666666666666666,0.578033357405867,1.68526205932431,-0.019373554698919018,1.3055677164357578
E0,20/10/2024,14:00,25,14,1,2,-1,1,1,D,C Kavanagh,-1.9177854287383833,1.900363325899126,-1.1067844769941368,1.3665753807988392,8,5,1,18,4,1,0,0,8.0,6.0,1.33,9.0,5.75,1.32,9.5,6.0,1.3,9.01,5.92,1.32,9.0,5.5,1.33,9.25,5.91,1.34,9.8,6.0,1.34,8.88,5.85,1.31,10.0,6.2,1.34,1.44,2.75,1.48,2.73,1.5,2.95,1.45,2.75,1.5,2.92,1.5,2.02,1.88,2.02,1.88,2.05,1.91,2.0,1.86,2.05,1.91,8.5,5.5,1.33,7.5,5.5,1.38,8.5,5.0,1.33,8.08,5.46,1.38,8.5,5.5,1.33,9.11,5.6,1.34,9.11,6.0,1.39,8.3,5.48,1.35,9.6,5.8,1.38,1.5,2.63,1.5,2.7,1.52,2.79,1.49,2.67,1.54,2.82,1.5,1.85,2.08,1.85,2.09,1.94,2.09,1.87,2.0,1.89,2.09,-0.7791750263266699,0.6666666666666666,0.3181818181818182,-1.1170791276553267,2.212455612814709,-2.3089754736620756,1.8564401706280604
E0,20/10/2024,16:30,13,5,2,1,1,1,0,H,J Brooks,-0.9030841436916196,-0.1321108194475329,-0.10061677063583058,-1.1455117162578508,12,13,1,6,4,3,0,0,1.62,4.1,5.0,1.66,4.2,4.75,1.65,4.2,5.0,1.62,4.47,5.08,1.65,4.33,4.8,1.65,4.69,4.84,1.67,4.69,5.1,1.63,4.39,4.89,1.69,4.5,5.2,1.4,3.0,1.41,3.02,1.43,3.07,1.4,2.93,1.46,3.1,-1.0,2.03,1.87,2.0,1.91,2.08,1.91,2.02,1.85,2.06,1.89,1.67,4.33,4.2,1.68,4.33,4.5,1.65,4.5,4.75,1.72,4.4,4.55,1.67,4.33,4.6,1.68,4.58,4.58,1.72,4.6,5.0,1.67,4.45,4.63,1.69,4.7,5.0,1.4,3.0,1.41,3.02,1.42,3.3,1.39,3.04,1.44,3.25,-0.75,1.9,2.03,1.92,2.01,1.92,2.1,1.83,2.05,1.85,2.15,0.4981610824055759,0.5555555555555556,0.16666666666666666,2.273145842467061,1.1580685058339106,2.0941051397286103,1.3055677164357578
E0,21/10/2024,20:00,20,6,1,0,1,0,0,D,T Robinson,0.9572015455607804,1.4938684968297942,0.2347724648169382,1.3665753807988392,9,12,6,6,2,3,0,0,2.3,3.5,3.0,2.37,3.25,3.1,2.38,3.2,3.0,2.41,3.28,3.19,2.38,3.25,3.2,2.41,3.41,3.16,2.41,3.5,3.21,2.36,3.31,3.11,2.48,3.4,3.2,2.1,1.73,2.17,1.75,2.23,1.76,2.14,1.73,2.26,1.75,-0.25,2.06,1.84,2.07,1.85,2.08,1.85,2.01,1.83,2.13,1.87,2.3,3.3,3.1,2.35,3.2,3.25,2.3,3.1,3.25,2.38,3.3,3.29,2.38,3.2,3.25,2.3,3.39,3.32,2.42,3.39,3.32,2.36,3.26,3.23,2.44,3.35,3.35,2.3,1.62,2.36,1.65,2.38,1.68,2.31,1.64,2.42,1.7,-0.25,2.05,1.88,2.04,1.88,2.06,1.91,2.01,1.86,2.06,1.93,0.4981610824055759,0.3,0.35,0.9170558544181059,-0.774974523630887,0.33287289437233586,-1.0815462517308878
E0,25/10/2024,20:00,11,20,1,3,-1,1,1,D,C Pawson,-0.5648503820093651,1.4938684968297942,-1.4421737124469056,0.36174054197616323,16,9,6,7,5,2,0,0,3.0,3.3,2.4,3.0,3.25,2.4,3.1,3.3,2.4,3.14,3.35,2.43,3.1,3.3,2.38,3.1,3.45,2.42,3.2,3.45,2.45,3.09,3.32,2.41,3.2,3.4,2.48,2.0,1.8,2.12,1.79,2.13,1.82,2.06,1.79,2.16,1.83,0.25,1.83,2.07,1.85,2.09,1.86,2.09,1.82,2.04,1.86,2.12,2.88,3.4,2.45,2.9,3.3,2.45,3.0,3.25,2.38,3.07,3.4,2.46,3.0,3.3,2.45,2.87,3.48,2.53,3.08,3.48,2.53,2.96,3.35,2.45,3.15,3.45,2.52,2.01,1.89,2.03,1.88,2.04,1.91,2.0,1.85,2.08,1.92,0.25,1.73,2.08,1.83,2.12,1.83,2.15,1.78,2.08,1.85,2.16,-1.4178430806927929,0.09090909090909091,0.25,0.23901086039362834,1.50953087482751,-0.7238664528414288,0.754695262243455
E0,26/10/2024,15:00,1,2,1,1,0,0,0,D,A Madley,0.6189677838785258,-0.3353582339821988,0.9055509357224758,-0.6430942968465128,12,14,9,7,7,6,0,0,1.85,3.9,3.8,1.87,3.9,3.9,1.85,3.9,4.0,1.86,4.0,4.03,1.85,3.9,4.0,1.9,4.0,4.03,1.9,4.1,4.1,1.86,3.97,3.97,1.9,4.1,4.3,1.57,2.38,1.61,2.42,1.62,2.45,1.6,2.39,1.65,2.46,-0.5,1.86,2.04,1.87,2.04,1.88,2.07,1.84,2.02,1.9,2.09,1.75,3.9,4.33,1.77,3.9,4.33,1.8,3.9,4.4,1.79,3.97,4.54,1.8,3.9,4.33,1.79,3.94,4.59,1.86,4.1,4.59,1.81,3.93,4.32,1.86,4.0,4.6,1.62,2.3,1.64,2.36,1.68,2.49,1.63,2.33,1.68,2.44,-0.75,2.04,1.89,2.03,1.9,2.08,1.9,2.02,1.85,2.11,1.89,-0.14050697196054704,0.4444444444444444,0.2727272727272727,1.7646120969487027,0.806606136840311,0.8612425679792182,0.02019865665371777
E0,26/10/2024,15:00,3,9,4,3,1,2,2,D,L Smith,0.9572015455607804,-0.3353582339821988,1.2409401711752446,0.36174054197616323,7,10,5,5,0,1,0,1,1.65,4.33,4.75,1.68,4.2,4.75,1.65,4.2,5.0,1.65,4.35,4.94,1.7,4.2,4.6,1.71,4.38,4.69,1.71,4.4,5.1,1.67,4.27,4.86,1.71,4.4,5.2,1.67,2.2,1.67,2.29,1.69,2.33,1.65,2.28,1.69,2.32,-0.75,1.82,2.08,1.83,2.09,1.86,2.11,1.81,2.04,1.89,2.09,1.67,4.2,4.75,1.65,4.1,5.0,1.67,4.0,5.0,1.68,4.16,5.19,1.65,4.2,5.0,1.68,4.27,5.01,1.71,4.33,5.5,1.66,4.16,5.07,1.71,4.2,5.5,1.67,2.2,1.71,2.24,1.73,2.3,1.68,2.24,1.73,2.34,-0.75,1.85,2.08,1.86,2.08,1.88,2.08,1.83,2.04,1.89,2.09,0.4981610824055759,0.45,0.45454545454545453,0.9170558544181059,-0.5992433391340872,-0.019373554698919018,-1.9996670087180595
E0,26/10/2024,15:00,4,25,2,2,0,1,0,H,M Oliver,0.7880846647196531,0.2743840096217989,0.2347724648169382,1.3665753807988392,12,10,9,6,3,3,0,0,1.62,4.5,4.5,1.62,4.33,5.0,1.62,4.33,5.0,1.66,4.34,4.9,1.65,4.2,5.0,1.68,4.38,4.94,1.68,4.5,5.1,1.64,4.32,4.94,1.67,4.5,5.5,1.57,2.38,1.59,2.46,1.6,2.5,1.56,2.43,1.61,2.52,-1.0,2.03,1.75,2.11,1.79,2.11,1.83,2.07,1.8,2.1,1.87,1.55,4.33,5.5,1.55,4.33,5.75,1.55,4.4,5.5,1.58,4.41,5.79,1.57,4.2,5.8,1.59,4.45,5.64,1.6,4.55,5.9,1.57,4.37,5.67,1.6,4.5,6.2,1.62,2.3,1.63,2.4,1.64,2.44,1.61,2.37,1.67,2.46,-1.0,1.98,1.95,1.96,1.96,1.99,1.99,1.95,1.92,2.01,1.98,-0.14050697196054704,0.3157894736842105,0.5,1.425589599936464,-0.9507057081276868,0.6851193434435908,-2.366915311512928
E0,26/10/2024,15:00,14,22,1,0,1,1,0,H,T Harrington,1.295435307243035,-1.554842721190194,0.9055509357224758,-1.1455117162578508,9,9,12,1,1,3,0,0,1.11,10.0,17.0,1.12,11.0,19.0,1.1,11.0,23.0,1.1,11.9,20.73,1.12,9.5,21.0,1.13,10.5,20.0,1.13,13.0,26.0,1.11,10.94,21.04,1.13,12.5,26.0,1.29,3.75,1.32,3.28,1.3,3.95,1.27,3.73,1.3,4.1,-2.5,1.92,1.98,1.93,1.96,1.95,2.0,1.91,1.95,2.01,1.98,1.13,9.5,15.0,1.13,10.5,18.5,1.11,10.0,23.0,1.12,10.5,23.0,1.12,9.0,21.0,1.14,10.8,17.6,1.14,11.0,25.0,1.12,10.03,20.56,1.14,10.5,30.0,1.25,4.0,1.32,3.28,1.25,4.42,1.24,4.11,1.27,4.6,-2.5,1.94,1.99,1.97,1.93,1.97,2.01,1.91,1.95,1.96,2.02,0.4981610824055759,0.36363636363636365,0.4,2.6121683394792994,-1.1264368926244865,1.917981915192983,-2.366915311512928
E0,26/10/2024,17:30,7,8,1,1,0,0,0,D,J Brooks,-0.7339672628504923,0.2743840096217989,-0.10061677063583058,-0.6430942968465128,8,8,4,2,1,0,0,0,2.75,3.25,2.63,2.75,3.3,2.55,2.8,3.4,2.55,2.8,3.38,2.63,2.75,3.3,2.62,2.81,3.45,2.63,2.83,3.45,2.66,2.76,3.37,2.6,2.82,3.45,2.78,1.91,1.99,1.88,2.01,1.96,2.01,1.89,1.95,1.95,2.04,0.0,1.95,1.83,2.02,1.89,2.02,1.9,1.99,1.87,2.01,1.97,2.6,3.4,2.63,2.65,3.3,2.65,2.8,3.4,2.6,2.71,3.36,2.73,2.75,3.3,2.62,2.77,3.49,2.62,2.89,3.5,2.73,2.76,3.38,2.63,2.82,3.5,2.76,1.8,2.0,1.82,2.08,1.94,2.1,1.83,2.02,1.86,2.14,0.0,1.95,1.98,1.95,1.97,2.01,1.99,1.97,1.92,2.01,1.98,-0.14050697196054704,0.5,0.21428571428571427,0.23901086039362834,0.806606136840311,-1.0761129019126838,0.02019865665371777
E0,27/10/2024,14:00,5,18,2,1,1,1,1,D,S Hooper,0.44985090303739855,-0.3353582339821988,0.570161700269707,-0.6430942968465128,13,16,7,4,6,3,0,0,1.73,4.33,4.2,1.82,4.0,4.0,1.75,4.2,4.2,1.75,4.35,4.28,1.8,4.2,4.0,1.8,4.33,4.17,1.82,4.43,4.3,1.76,4.26,4.15,1.8,4.4,4.4,1.44,2.75,1.44,2.89,1.47,2.93,1.44,2.78,1.49,2.88,-0.75,1.95,1.95,1.95,1.95,2.0,1.96,1.92,1.91,1.98,2.0,1.75,4.2,4.0,1.78,4.1,4.1,1.75,4.0,4.2,1.82,4.03,4.29,1.8,4.2,4.0,1.77,4.32,4.3,1.82,4.32,4.4,1.79,4.11,4.16,1.83,4.2,4.5,1.5,2.63,1.51,2.66,1.53,2.7,1.5,2.62,1.54,2.8,-0.75,2.01,1.89,2.06,1.87,2.06,1.94,1.98,1.88,2.06,1.92,0.4981610824055759,0.4117647058823529,0.2727272727272727,1.5951008484425833,0.806606136840311,1.3896122415861005,-0.1634254947437165
E0,27/10/2024,14:00,6,23,1,0,1,1,0,H,D Bond,-0.05749973948598325,-0.3353582339821988,0.2347724648169382,-0.6430942968465128,16,12,8,8,4,4,0,0,3.9,4.0,1.83,4.0,3.9,1.83,3.9,3.9,1.87,4.05,3.98,1.86,4.0,4.0,1.83,4.05,4.13,1.86,4.1,4.13,1.88,3.97,3.97,1.85,4.1,4.1,1.94,1.57,2.38,1.61,2.41,1.63,2.48,1.59,2.4,1.64,2.5,0.5,2.04,1.86,2.04,1.87,2.05,1.89,2.01,1.85,2.05,1.94,3.6,4.0,1.91,3.7,3.9,1.93,3.75,3.9,1.95,3.78,3.97,1.95,3.75,3.9,1.91,3.86,4.08,1.9,4.0,4.1,1.97,3.73,3.97,1.93,3.95,4.0,1.98,1.5,2.63,1.53,2.62,1.56,2.75,1.52,2.59,1.59,2.68,0.5,1.95,1.95,1.96,1.96,1.97,1.98,1.94,1.93,2.01,1.98,0.4981610824055759,0.42857142857142855,0.2727272727272727,-0.26952288512472977,0.9823373213371107,-0.8999896773770563,1.489191867833192
E0,27/10/2024,14:00,24,15,2,1,1,0,0,D,D Coote,-0.3957335011682378,1.0873736677604624,-0.7713952415413682,0.36174054197616323,6,7,6,5,5,1,0,0,2.88,3.75,2.3,2.87,3.75,2.3,2.88,3.7,2.3,2.94,3.73,2.35,2.88,3.75,2.3,2.91,3.98,2.33,2.98,3.98,2.38,2.89,3.71,2.33,3.0,3.8,2.44,1.53,2.5,1.53,2.6,1.55,2.69,1.51,2.53,1.59,2.62,0.25,1.86,2.04,1.85,2.06,1.87,2.06,1.83,2.01,1.87,2.12,3.3,3.75,2.1,3.2,3.6,2.15,3.3,3.6,2.15,3.39,3.72,2.15,3.25,3.7,2.15,3.45,3.82,2.09,3.45,3.82,2.21,3.3,3.69,2.15,3.5,3.75,2.2,1.62,2.3,1.67,2.31,1.69,2.41,1.63,2.32,1.69,2.42,0.25,2.06,1.84,2.05,1.88,2.09,1.91,2.01,1.86,2.09,1.91,0.4981610824055759,0.25,0.2777777777777778,0.578033357405867,0.6308749523435112,-0.5477432283058014,-0.5306737975385851
E0,27/10/2024,16:30,0,13,2,2,0,2,1,H,A Taylor,-0.9030841436916196,-0.7418530630515305,-0.7713952415413682,-0.14067687743517476,14,14,1,3,2,2,0,0,2.5,3.25,2.9,2.45,3.4,2.9,2.5,3.3,2.9,2.54,3.4,2.9,2.45,3.4,2.9,2.51,3.59,2.87,2.54,3.59,2.96,2.49,3.37,2.89,2.58,3.45,3.05,1.92,1.98,1.93,1.95,1.94,1.99,1.89,1.94,2.0,1.99,0.0,1.82,2.08,1.83,2.09,1.84,2.16,1.81,2.08,1.83,2.17,2.2,3.3,3.3,2.25,3.3,3.3,2.2,3.4,3.3,2.27,3.46,3.35,2.3,3.3,3.25,2.34,3.37,3.27,2.34,3.55,3.45,2.26,3.38,3.32,2.32,3.5,3.45,1.84,1.94,1.9,2.01,1.91,2.02,1.88,1.96,1.94,2.04,-0.25,1.95,1.95,1.96,1.96,1.99,1.99,1.93,1.93,1.99,2.0,-0.14050697196054704,0.3333333333333333,0.4444444444444444,1.7646120969487027,2.563917981808309,1.213489017050473,2.223688473422929
E0,02/11/2024,12:30,18,0,1,0,1,1,0,H,J Brooks,-0.9030841436916196,-0.5386056485168647,-0.43600600608859935,-1.6479291356691887,16,18,4,6,4,4,0,0,3.75,3.75,1.95,3.8,3.7,1.95,3.9,3.6,1.95,3.85,3.69,1.99,3.7,3.6,2.0,3.8,3.8,2.0,3.88,3.8,2.03,3.77,3.69,1.98,4.0,3.8,2.04,1.84,2.06,1.83,2.05,1.86,2.07,1.82,2.02,1.9,2.08,0.5,1.92,1.98,1.91,2.0,1.96,2.0,1.89,1.97,1.94,2.04,4.0,3.6,1.95,3.9,3.6,1.95,3.9,3.5,1.95,4.03,3.69,1.96,4.2,3.6,1.91,4.3,3.63,1.91,4.3,3.75,2.01,3.99,3.61,1.95,4.1,3.75,2.02,1.95,1.95,1.95,1.95,1.96,2.05,1.89,1.95,1.93,2.06,0.5,1.95,1.98,1.95,1.97,1.97,2.0,1.91,1.95,1.96,2.02,0.4981610824055759,0.4444444444444444,0.1,1.2560783514303446,1.8609932438211096,-0.019373554698919018,1.1219435650383236
E0,02/11/2024,15:00,2,14,2,1,1,1,0,H,M Oliver,-0.3957335011682378,1.0873736677604624,0.2347724648169382,-0.14067687743517476,11,6,3,10,2,1,0,0,5.5,4.2,1.57,5.25,4.5,1.57,5.5,4.4,1.57,5.29,4.48,1.6,5.5,4.33,1.6,5.3,4.54,1.62,5.5,4.6,1.62,5.32,4.44,1.59,5.9,4.6,1.62,1.57,2.38,1.59,2.46,1.62,2.52,1.57,2.42,1.63,2.5,1.0,1.91,1.99,1.89,2.01,1.92,2.01,1.88,1.97,1.93,2.05,5.75,4.2,1.55,5.5,4.4,1.55,6.0,4.4,1.5,6.11,4.42,1.56,5.8,4.5,1.53,6.27,4.31,1.57,6.3,4.65,1.62,5.83,4.45,1.55,6.6,4.7,1.56,1.57,2.38,1.57,2.54,1.64,2.59,1.56,2.48,1.59,2.66,1.0,1.98,1.95,1.99,1.93,2.01,2.0,1.97,1.9,2.04,1.95,0.4981610824055759,0.5,0.2222222222222222,1.2560783514303446,2.739649166305109,0.15674966983670843,1.8564401706280604
E0,02/11/2024,15:00,9,11,1,1,0,0,0,D,T Robinson,-0.05749973948598325,1.4938684968297942,-1.1067844769941368,0.8641579613875012,11,10,4,6,4,2,1,0,2.25,3.5,3.1,2.25,3.5,3.1,2.3,3.5,3.1,2.28,3.63,3.13,2.25,3.6,3.1,2.28,3.77,3.11,2.3,3.77,3.18,2.27,3.61,3.09,2.34,3.7,3.25,1.73,2.1,1.72,2.2,1.74,2.25,1.71,2.18,1.74,2.28,-0.25,2.0,1.9,1.99,1.92,2.05,1.92,1.95,1.89,2.02,1.95,2.3,3.7,2.9,2.37,3.6,2.87,2.38,3.4,3.0,2.36,3.54,3.09,2.3,3.6,3.0,2.41,3.77,2.86,2.42,3.77,3.23,2.36,3.59,2.97,2.44,3.6,3.15,1.67,2.2,1.72,2.22,1.76,2.31,1.69,2.22,1.73,2.34,-0.25,2.05,1.88,2.05,1.88,2.07,1.94,2.03,1.84,2.1,1.89,-0.14050697196054704,0.14285714285714285,0.3,-0.43903413363084914,0.4551437678467114,-1.9567290245908209,-0.7142979489360194
E0,02/11/2024,15:00,13,4,2,1,1,0,1,A,T Harrington,0.2807340221962713,0.07113659508713299,0.9055509357224758,0.36174054197616323,10,18,10,7,1,1,0,0,1.4,5.0,7.5,1.41,5.25,6.75,1.36,5.0,7.0,1.39,5.54,7.11,1.4,5.0,7.5,1.43,5.4,7.13,1.43,5.8,7.5,1.39,5.4,7.12,1.42,5.8,8.0,1.4,3.0,1.39,3.13,1.41,3.17,1.39,2.99,1.45,3.15,-1.5,2.04,1.86,2.06,1.85,2.09,1.88,2.03,1.84,2.08,1.88,1.36,5.25,7.5,1.39,5.5,7.0,1.33,5.5,8.0,1.36,5.79,7.93,1.36,5.5,7.5,1.41,5.39,7.44,1.41,6.3,8.4,1.38,5.57,7.49,1.39,5.9,8.6,1.4,3.0,1.39,3.13,1.43,3.39,1.39,3.06,1.43,3.25,-1.5,2.01,1.92,2.0,1.93,2.05,1.99,1.98,1.89,2.03,1.95,0.4981610824055759,0.5,0.38461538461538464,2.9511908364915382,1.50953087482751,2.270228364264238,0.5710711108460206
E0,02/11/2024,15:00,20,24,3,0,1,1,0,H,P Bankes,0.7880846647196531,-1.75809013572486,0.2347724648169382,-1.1455117162578508,7,9,11,6,1,2,0,1,2.15,3.5,3.4,2.15,3.5,3.3,2.15,3.4,3.5,2.15,3.51,3.53,2.15,3.5,3.4,2.13,3.69,3.51,2.2,3.69,3.58,2.15,3.52,3.43,2.2,3.6,3.65,1.89,2.01,1.88,2.02,1.9,2.03,1.86,1.98,1.92,2.06,-0.25,1.87,2.03,1.86,2.05,1.91,2.06,1.84,2.01,1.89,2.11,2.0,3.5,3.75,2.05,3.4,3.6,2.0,3.4,3.9,2.05,3.46,3.95,2.05,3.5,3.7,2.09,3.57,3.68,2.1,3.57,4.0,2.05,3.48,3.78,2.1,3.5,4.0,2.03,1.87,2.03,1.88,2.13,2.0,1.99,1.85,2.06,1.93,-0.5,2.07,1.86,2.06,1.87,2.09,1.87,2.04,1.83,2.1,1.89,1.7754971911378215,0.3157894736842105,0.5,1.9341233454548221,0.6308749523435112,1.213489017050473,-1.0815462517308878
E0,02/11/2024,15:00,22,7,1,0,1,0,0,D,A Madley,-0.9030841436916196,0.6808788386911306,-1.1067844769941368,0.36174054197616323,14,18,3,6,4,2,0,0,2.63,3.4,2.63,2.55,3.5,2.65,2.7,3.4,2.63,2.7,3.45,2.69,2.62,3.5,2.62,2.69,3.63,2.64,2.7,3.63,2.75,2.65,3.48,2.66,2.76,3.55,2.76,1.84,2.06,1.85,2.05,1.86,2.06,1.83,2.02,1.87,2.1,0.0,1.95,1.95,1.95,1.95,1.97,1.97,1.94,1.93,1.99,1.99,2.63,3.25,2.63,2.65,3.2,2.7,2.63,3.4,2.7,2.72,3.31,2.8,2.7,3.4,2.62,2.82,3.37,2.63,2.82,3.53,2.85,2.7,3.32,2.71,2.8,3.45,2.82,1.99,1.91,2.0,1.9,2.0,2.11,1.94,1.9,2.0,1.98,0.0,1.95,1.98,1.93,1.99,1.98,1.99,1.94,1.94,1.99,2.0,0.4981610824055759,0.2222222222222222,0.3125,-0.6085453821369685,0.27941258334991165,-2.132852249126448,-1.2651704031283222
E0,02/11/2024,17:30,25,6,2,2,0,0,0,D,A Taylor,-0.5648503820093651,1.2906210822951283,0.2347724648169382,1.3665753807988392,7,9,3,6,1,2,0,0,2.5,3.4,2.88,2.55,3.4,2.75,2.5,3.4,2.8,2.55,3.34,2.92,2.5,3.5,2.8,2.53,3.59,2.85,2.61,3.59,2.92,2.53,3.4,2.85,2.6,3.5,3.0,1.9,2.0,1.92,1.97,1.93,2.0,1.89,1.95,1.92,2.06,0.0,1.82,2.08,1.83,2.1,1.85,2.12,1.82,2.06,1.85,2.14,2.35,3.4,3.0,2.4,3.3,3.0,2.4,3.3,3.0,2.44,3.34,3.13,2.4,3.25,3.1,2.54,3.48,2.86,2.54,3.48,3.16,2.43,3.34,3.03,2.52,3.45,3.15,1.99,1.91,2.0,1.91,2.0,2.0,1.96,1.89,2.02,1.96,-0.25,2.1,1.83,2.11,1.83,2.14,1.85,2.08,1.8,2.16,1.85,-0.14050697196054704,0.5454545454545454,0.3684210526315789,-0.7780566306430879,-0.07204978564368794,-2.3089754736620756,-0.8979221003334535
E0,03/11/2024,14:00,23,1,4,1,1,0,1,A,C Pawson,0.2807340221962713,-0.1321108194475329,0.2347724648169382,-1.6479291356691887,14,14,6,4,2,0,0,0,1.91,4.0,3.6,1.88,4.0,3.7,1.91,4.0,3.7,1.97,4.07,3.55,1.91,4.0,3.7,1.92,4.28,3.71,1.98,4.28,3.71,1.93,4.07,3.55,1.99,4.2,3.8,1.44,2.75,1.47,2.81,1.47,2.9,1.44,2.78,1.48,2.98,-0.5,1.95,1.95,1.98,1.93,1.98,1.98,1.94,1.92,1.99,2.0,1.91,4.0,3.5,1.93,4.0,3.5,1.95,3.9,3.7,1.99,4.04,3.59,1.95,3.9,3.6,1.96,4.11,3.6,1.99,4.15,3.77,1.94,4.02,3.61,2.0,4.1,3.8,1.44,2.75,1.48,2.77,1.48,2.9,1.45,2.79,1.49,3.0,-0.5,2.0,1.93,2.0,1.93,2.0,1.97,1.94,1.93,2.0,1.98,1.7754971911378215,0.375,0.08333333333333333,1.425589599936464,1.8609932438211096,1.917981915192983,0.3874469594485863
E0,03/11/2024,16:30,15,5,1,1,0,0,0,D,R Jones,-0.5648503820093651,-0.1321108194475329,-0.43600600608859935,-0.6430942968465128,19,14,4,8,6,2,0,0,2.6,3.5,2.6,2.55,3.8,2.55,2.63,3.7,2.55,2.61,3.81,2.58,2.6,3.8,2.5,2.61,4.06,2.53,2.63,4.06,2.61,2.58,3.78,2.56,2.7,3.9,2.66,1.44,2.75,1.45,2.85,1.47,2.93,1.44,2.79,1.5,2.96,0.0,1.95,1.95,1.97,1.93,1.98,1.97,1.95,1.92,2.0,1.98,2.63,3.5,2.6,2.65,3.5,2.6,2.63,3.6,2.55,2.72,3.65,2.59,2.7,3.6,2.5,2.68,3.57,2.65,2.73,3.75,2.65,2.65,3.6,2.58,2.76,3.75,2.66,1.5,2.63,1.51,2.67,1.51,2.8,1.48,2.67,1.54,2.84,0.0,1.99,1.94,2.01,1.92,2.01,1.96,1.97,1.91,2.03,1.96,-0.14050697196054704,0.36363636363636365,0.25,0.7475446059119865,1.8609932438211096,-0.5477432283058014,1.489191867833192
E0,04/11/2024,20:00,8,3,2,1,1,0,1,A,S Attwell,1.971902830607544,-1.554842721190194,2.247107877533551,-1.1455117162578508,3,10,11,3,2,1,0,0,2.0,3.7,3.5,2.05,3.6,3.5,2.0,3.6,3.5,2.04,3.73,3.61,2.05,3.7,3.5,2.05,3.89,3.57,2.08,3.9,3.61,2.03,3.73,3.52,2.08,3.85,3.75,1.67,2.2,1.68,2.28,1.7,2.31,1.67,2.23,1.72,2.3,-0.5,2.04,1.86,2.05,1.86,2.07,1.87,2.03,1.84,2.08,1.9,1.95,3.8,3.6,2.0,3.7,3.5,2.0,3.75,3.6,2.02,3.76,3.73,2.0,3.7,3.6,1.99,3.88,3.68,2.05,3.88,3.76,2.02,3.74,3.62,2.04,3.85,3.9,1.67,2.2,1.73,2.19,1.76,2.29,1.71,2.18,1.77,2.28,-0.5,2.0,1.9,2.03,1.92,2.04,1.92,2.0,1.86,2.05,1.94,0.4981610824055759,0.46153846153846156,0.4,1.2560783514303446,0.9823373213371107,0.15674966983670843,-0.1634254947437165
